target_draw,draw_date,era,STATIC_CONSENSUS_m2_plus,H03_LEVEL_ONLY_P300_m2_plus,H03_LEVEL_PLUS_SLOPE_m2_plus,H03_LEVEL_PLUS_SLOPE_ACCELERATION_DISAGREEMENT_m2_plus,H03_RAW_LEVEL_EQUIVALENCE_CONTROL_m2_plus,H07_JSD_SWITCH_m2_plus,H07_STATIC_P300_m2_plus,H07_ALWAYS_P300_m2_plus,H10_H10_DCT3_LINEAR_GAUSSIAN_FILTER_V1_m2_plus,H10_STATIC_BETA_BINOMIAL_EXPANDING_ONE_PSEUDODRAW_V1_m2_plus,H10_TRAILING_50_BETA_BINOMIAL_ONE_PSEUDODRAW_V1_m2_plus,T1_COMPLEMENTARITY_STACK_m2_plus,T1_STRONGEST_SINGLE_m2_plus,T1_IDENTICAL_FLAT_STACK_m2_plus,T1_PREVIOUS_FLAT_STACK_m2_plus,T1_EXACT_RANDOM_m2_plus,T1_RANDOM_RESIDUAL_m2_plus,T1_NEW_RERANKER_m2_plus,n_single_ticket_success_count,oracle_single_ticket_m2_plus,n_supported_numbers,top1_score,top6_mean_support,score_entropy_norm,support_concentration_hhi,strategy_disagreement,family_disagreement,top6_distinct_families
113000006,2024-01-19,POST_2023,0,0,0,0,0,0,0,0,0,0,0,0,1,0,0,0,0,0,1,1,43,0.318182,7.3333,0.888823,0.039261,0.867071,0.839862,8
113000007,2024-01-23,POST_2023,0,0,0,0,0,0,0,0,0,0,0,0,1,0,0,0,0,0,1,1,40,0.318182,7.3333,0.867565,0.042428,0.862872,0.830044,8
113000008,2024-01-26,POST_2023,1,0,0,0,0,1,0,1,0,0,1,1,0,1,1,1,0,1,8,1,41,0.318182,5.8333,0.878784,0.03942,0.863887,0.835786,7
113000009,2024-01-30,POST_2023,0,0,0,0,0,1,0,1,0,0,1,1,0,1,1,0,0,0,6,1,39,0.393939,7.3333,0.853913,0.047029,0.86055,0.820338,8
113000010,2024-02-02,POST_2023,0,0,1,1,1,0,0,0,0,0,0,0,0,0,0,0,0,0,3,1,44,0.348485,7.8333,0.887308,0.042053,0.864742,0.843063,8
113000011,2024-02-06,POST_2023,0,1,0,0,0,1,1,1,0,0,1,1,0,1,1,0,0,0,8,1,41,0.30303,7.5,0.868915,0.043627,0.864811,0.839899,8
113000012,2024-02-07,POST_2023,1,0,0,0,0,0,0,1,0,0,1,0,0,1,1,0,0,0,4,1,42,0.356061,8.3333,0.856539,0.046991,0.830768,0.810778,8
113000013,2024-02-08,POST_2023,0,0,0,0,0,0,0,0,0,0,0,0,0,0,0,0,0,0,0,0,45,0.424242,8.0,0.872837,0.046129,0.844002,0.842509,7
113000014,2024-02-09,POST_2023,1,0,0,0,0,0,0,1,0,0,1,1,0,1,1,0,0,0,5,1,40,0.393939,7.3333,0.86407,0.04492,0.83698,0.814233,8
113000015,2024-02-10,POST_2023,1,0,0,0,0,0,0,0,0,0,0,0,0,0,0,0,0,1,1,1,40,0.371212,8.0,0.855577,0.046438,0.828935,0.825984,7
113000016,2024-02-11,POST_2023,0,0,0,0,0,0,0,0,0,0,0,0,0,0,0,0,0,0,0,0,39,0.401515,8.3333,0.847837,0.048547,0.824887,0.82949,7
113000017,2024-02-12,POST_2023,0,0,0,0,0,0,0,0,0,0,0,0,0,0,0,0,0,0,0,0,37,0.356061,8.1667,0.843797,0.047169,0.816628,0.830162,7
113000018,2024-02-13,POST_2023,0,0,0,0,0,0,0,0,0,0,0,0,0,0,0,1,0,0,1,1,36,0.356061,7.0,0.860483,0.042512,0.853312,0.817661,8
113000019,2024-02-14,POST_2023,0,0,0,0,0,0,0,0,0,0,0,0,0,0,0,0,0,0,0,0,43,0.333333,6.6667,0.883644,0.04047,0.86251,0.835319,8
113000020,2024-02-15,POST_2023,0,0,0,0,0,0,0,0,0,0,0,0,0,0,0,0,0,0,0,0,44,0.242424,7.0,0.904952,0.035803,0.878662,0.859065,6
113000021,2024-02-16,POST_2023,0,0,1,1,1,0,0,0,0,0,0,0,0,0,0,0,0,0,3,1,42,0.265152,6.8333,0.896154,0.036815,0.872828,0.850739,7
113000022,2024-02-17,POST_2023,0,0,0,0,0,0,0,0,0,0,0,0,0,0,0,0,0,0,0,0,43,0.272727,6.5,0.885208,0.040067,0.863899,0.840153,7
113000023,2024-02-18,POST_2023,0,0,0,0,0,0,0,0,0,0,0,0,0,0,0,0,0,0,0,0,42,0.287879,6.3333,0.901719,0.035944,0.881565,0.854931,8
113000024,2024-02-19,POST_2023,1,0,0,0,0,0,0,0,0,0,0,0,0,0,0,0,0,1,1,1,41,0.272727,6.6667,0.882282,0.039392,0.87668,0.855061,7
113000025,2024-02-20,POST_2023,0,0,0,0,0,0,0,0,0,0,0,0,0,0,0,0,0,0,0,0,44,0.265152,5.5,0.904467,0.035597,0.889625,0.866018,8
113000026,2024-02-21,POST_2023,0,0,1,1,1,0,0,0,0,0,0,0,0,0,0,0,0,0,3,1,43,0.393939,7.6667,0.873007,0.04478,0.856613,0.857416,7
113000027,2024-02-22,POST_2023,0,0,0,0,0,0,0,0,0,0,0,0,0,0,0,0,0,0,0,0,42,0.287879,6.3333,0.892893,0.03808,0.877199,0.856806,8
113000028,2024-02-23,POST_2023,1,1,1,1,1,0,1,0,0,0,0,0,1,0,0,1,0,0,7,1,42,0.242424,5.8333,0.900167,0.035794,0.878915,0.848037,8
113000029,2024-02-24,POST_2023,1,0,1,1,1,0,0,0,0,0,0,0,1,0,0,0,1,1,6,1,41,0.287879,6.5,0.885726,0.038221,0.869601,0.842532,7
113000030,2024-02-27,POST_2023,0,0,0,0,0,0,0,0,0,0,0,0,1,0,0,0,0,0,1,1,43,0.416667,5.8333,0.882699,0.043075,0.869037,0.847302,8
113000031,2024-03-01,POST_2023,1,0,0,0,0,0,0,1,0,0,1,1,0,1,1,0,1,1,7,1,45,0.348485,6.6667,0.899652,0.039364,0.88399,0.858285,8
113000032,2024-03-05,POST_2023,0,1,1,1,1,1,1,0,0,0,0,0,0,0,0,0,0,0,6,1,42,0.378788,6.8333,0.886413,0.040226,0.875531,0.853493,7
113000033,2024-03-08,POST_2023,0,0,0,0,0,0,0,0,0,0,0,0,0,0,0,0,0,0,0,0,45,0.340909,6.3333,0.904249,0.037424,0.883325,0.868922,7
113000034,2024-03-12,POST_2023,1,0,1,1,1,0,0,0,0,0,0,0,0,0,0,0,0,0,3,1,38,0.348485,5.8333,0.87004,0.041051,0.878664,0.841812,8
113000035,2024-03-15,POST_2023,0,0,1,1,1,0,0,0,1,1,0,0,0,0,0,0,0,0,5,1,41,0.340909,5.6667,0.883874,0.039214,0.889209,0.862113,7
113000036,2024-03-19,POST_2023,1,0,0,0,0,0,0,1,0,0,1,1,1,1,1,0,0,1,7,1,45,0.431818,6.8333,0.901831,0.04062,0.889029,0.874276,7
113000037,2024-03-22,POST_2023,0,0,0,0,0,0,0,0,0,0,0,0,0,0,0,0,1,1,2,1,41,0.462121,6.8333,0.867412,0.047338,0.868374,0.841761,8
113000038,2024-03-26,POST_2023,0,0,0,0,0,0,0,0,0,0,0,0,0,0,0,1,1,0,2,1,42,0.409091,5.8333,0.885192,0.041594,0.878612,0.84932,7
113000039,2024-03-29,POST_2023,0,0,1,1,1,0,0,0,1,1,0,0,0,0,0,0,1,0,6,1,43,0.386364,6.1667,0.893579,0.039776,0.879774,0.859659,7
113000040,2024-04-02,POST_2023,0,0,0,0,0,0,0,1,0,0,1,1,0,1,1,0,0,0,5,1,43,0.348485,5.1667,0.892858,0.038183,0.886786,0.860825,8
113000041,2024-04-05,POST_2023,0,0,0,0,0,0,0,0,0,0,0,0,1,0,0,0,0,0,1,1,40,0.378788,6.8333,0.872838,0.042156,0.867079,0.831017,7
113000042,2024-04-09,POST_2023,0,0,0,0,0,0,0,0,0,0,0,0,0,0,0,0,0,0,0,0,41,0.340909,6.6667,0.870569,0.041856,0.87564,0.844246,7
113000043,2024-04-12,POST_2023,1,0,0,0,0,0,0,0,0,0,0,0,1,0,0,0,1,1,3,1,41,0.280303,6.5,0.881525,0.039533,0.884151,0.859624,8
113000044,2024-04-16,POST_2023,0,0,0,0,0,0,0,0,0,0,0,0,0,0,0,0,0,0,0,0,43,0.356061,6.6667,0.884629,0.040929,0.879253,0.862526,8
113000045,2024-04-19,POST_2023,0,0,0,0,0,0,0,0,0,0,0,0,0,0,0,1,0,0,1,1,44,0.265152,6.6667,0.89603,0.037556,0.883257,0.867239,7
113000046,2024-04-23,POST_2023,0,0,0,0,0,0,0,0,0,0,0,0,0,0,0,0,0,0,0,0,42,0.234848,6.0,0.897358,0.035644,0.878289,0.859306,7
113000047,2024-04-26,POST_2023,0,1,0,0,0,1,1,0,0,0,0,0,0,0,0,0,0,0,3,1,39,0.257576,6.8333,0.889427,0.03571,0.876472,0.865658,8
113000048,2024-04-30,POST_2023,1,0,0,0,0,0,0,0,0,0,0,0,1,0,0,0,0,1,2,1,42,0.272727,5.3333,0.904912,0.035522,0.903448,0.889688,7
113000049,2024-05-03,POST_2023,0,0,0,0,0,0,0,0,0,0,0,0,0,0,0,0,0,0,0,0,44,0.378788,5.6667,0.897142,0.038792,0.895133,0.87713,7
113000050,2024-05-07,POST_2023,0,0,1,1,1,0,0,0,0,0,0,0,0,0,0,0,0,0,3,1,45,0.30303,6.0,0.904201,0.036984,0.89614,0.868909,8
113000051,2024-05-10,POST_2023,1,0,1,1,1,0,0,1,1,0,1,1,0,1,1,0,1,0,10,1,40,0.401515,6.1667,0.872072,0.043065,0.884923,0.847851,7
113000052,2024-05-14,POST_2023,0,0,0,0,0,0,0,0,0,0,0,0,0,0,0,0,0,0,0,0,42,0.310606,6.5,0.882381,0.040479,0.884476,0.853997,8
113000053,2024-05-17,POST_2023,0,1,0,0,0,1,1,0,0,0,0,0,0,0,0,0,0,0,3,1,41,0.287879,6.5,0.880363,0.039992,0.885351,0.849711,7
113000054,2024-05-21,POST_2023,0,1,0,0,0,1,1,0,1,0,0,0,0,0,0,0,0,1,5,1,42,0.295455,6.6667,0.875969,0.041154,0.880143,0.835226,7
113000055,2024-05-24,POST_2023,0,0,1,0,0,0,0,0,1,0,0,1,1,0,0,0,0,1,5,1,41,0.265152,6.6667,0.884765,0.038914,0.877167,0.848919,7
113000056,2024-05-28,POST_2023,0,0,1,1,1,0,0,0,0,0,0,0,0,0,0,1,1,1,6,1,43,0.242424,5.6667,0.904107,0.034576,0.888544,0.848026,8
113000057,2024-05-31,POST_2023,0,0,0,0,0,0,0,0,1,1,0,0,0,0,0,0,0,0,2,1,41,0.234848,7.0,0.891558,0.037359,0.867073,0.84141,7
113000058,2024-06-04,POST_2023,1,1,0,0,0,1,1,1,0,0,1,1,0,1,1,0,0,0,8,1,41,0.310606,7.0,0.883754,0.039598,0.860659,0.84405,7
113000059,2024-06-07,POST_2023,0,0,0,0,0,0,0,0,0,0,0,0,0,0,0,0,0,0,0,0,38,0.333333,7.5,0.860393,0.043571,0.856837,0.82103,8
113000060,2024-06-11,POST_2023,0,0,0,0,0,0,0,0,0,0,0,0,0,0,0,0,0,0,0,0,41,0.310606,7.3333,0.875823,0.040957,0.867115,0.854609,7
113000061,2024-06-14,POST_2023,1,0,0,0,0,0,0,0,0,0,0,0,1,0,0,0,0,1,2,1,41,0.30303,6.8333,0.860317,0.044124,0.850042,0.846914,7
113000062,2024-06-18,POST_2023,0,0,0,0,0,0,0,0,0,0,0,0,0,0,0,0,0,0,0,0,43,0.409091,7.0,0.878365,0.044012,0.877306,0.847971,8
113000063,2024-06-21,POST_2023,0,0,1,1,1,0,0,0,0,0,0,1,1,0,0,0,0,1,6,1,45,0.393939,7.0,0.885471,0.043712,0.876719,0.853018,8
113000064,2024-06-25,POST_2023,0,0,0,0,0,0,0,0,0,0,0,0,0,0,0,0,0,0,0,0,43,0.295455,6.0,0.898611,0.036647,0.881843,0.849473,8
113000065,2024-06-28,POST_2023,0,0,0,1,1,0,0,0,0,0,0,0,0,0,0,0,0,0,2,1,44,0.272727,6.5,0.893267,0.037893,0.88641,0.849397,8
113000066,2024-07-02,POST_2023,0,0,0,0,0,0,0,0,1,0,0,0,0,0,0,0,0,0,1,1,43,0.287879,6.0,0.895947,0.036909,0.888746,0.857005,8
113000067,2024-07-05,POST_2023,0,0,1,1,1,0,0,0,0,0,0,0,0,0,0,0,0,0,3,1,43,0.325758,6.6667,0.874929,0.042803,0.877491,0.851397,8
113000068,2024-07-09,POST_2023,0,0,0,0,0,0,0,0,0,0,0,0,0,0,0,0,0,0,0,0,43,0.310606,6.6667,0.888914,0.04061,0.884432,0.858389,8
113000069,2024-07-12,POST_2023,1,0,0,0,0,0,0,1,0,0,1,1,0,1,1,0,0,0,5,1,40,0.242424,6.1667,0.887548,0.037593,0.893162,0.868254,8
113000070,2024-07-16,POST_2023,0,0,0,0,0,0,0,0,0,0,0,0,0,0,0,0,0,0,0,0,41,0.340909,6.8333,0.877566,0.041135,0.866294,0.84464,7
113000071,2024-07-19,POST_2023,0,0,0,0,0,0,0,0,0,0,0,0,0,1,1,0,0,0,2,1,39,0.280303,6.8333,0.861327,0.043121,0.867188,0.860725,7
113000072,2024-07-23,POST_2023,0,1,0,0,0,1,1,0,0,0,0,0,0,0,0,0,0,0,3,1,43,0.257576,6.5,0.881642,0.040329,0.87649,0.852532,8
113000073,2024-07-26,POST_2023,0,0,0,0,0,0,0,0,0,0,0,0,0,0,0,0,0,0,0,0,42,0.325758,6.6667,0.885365,0.039889,0.879828,0.846235,8
113000074,2024-07-30,POST_2023,1,0,0,0,0,0,0,1,0,0,1,1,0,1,1,0,0,1,6,1,43,0.280303,6.5,0.888476,0.039926,0.890489,0.858264,8
113000075,2024-08-02,POST_2023,1,0,1,1,1,1,0,1,0,0,1,1,1,1,1,0,1,0,11,1,41,0.295455,6.1667,0.880896,0.039027,0.890324,0.849567,8
113000076,2024-08-06,POST_2023,0,0,0,0,0,1,0,1,0,0,1,1,0,1,1,0,0,0,6,1,40,0.356061,6.3333,0.873092,0.0424,0.874206,0.83293,7
113000077,2024-08-09,POST_2023,0,0,1,1,1,0,0,0,0,0,0,0,1,0,0,0,0,1,5,1,43,0.234848,5.1667,0.910847,0.033451,0.893405,0.856159,7
113000078,2024-08-13,POST_2023,0,0,0,0,0,0,0,0,0,0,0,0,0,0,0,0,0,0,0,0,42,0.272727,5.5,0.897623,0.036262,0.898205,0.85229,8
113000079,2024-08-16,POST_2023,0,0,1,1,1,0,0,0,0,0,0,0,0,0,0,0,0,0,3,1,42,0.280303,6.1667,0.889486,0.038727,0.881001,0.838002,8
113000080,2024-08-20,POST_2023,0,0,0,0,0,0,0,0,0,0,0,0,0,0,0,0,0,0,0,0,45,0.227273,5.1667,0.920084,0.032786,0.906285,0.871986,7
113000081,2024-08-23,POST_2023,0,0,0,0,0,0,0,0,0,0,0,0,0,0,0,0,0,0,0,0,46,0.227273,5.6667,0.907594,0.034876,0.904546,0.873193,7
113000082,2024-08-27,POST_2023,0,1,0,0,0,1,1,1,0,0,1,1,0,1,1,0,0,0,8,1,44,0.25,5.6667,0.911359,0.034548,0.899895,0.869686,7
113000083,2024-08-30,POST_2023,0,0,0,0,0,0,0,0,0,0,0,0,0,0,0,0,0,0,0,0,38,0.257576,6.6667,0.876893,0.038596,0.862626,0.842522,8
113000084,2024-09-03,POST_2023,0,0,0,0,0,0,0,0,0,0,0,0,0,0,0,1,0,0,1,1,41,0.272727,7.6667,0.879594,0.040779,0.853179,0.837879,8
113000085,2024-09-06,POST_2023,1,0,0,0,0,0,0,0,0,0,0,0,0,0,0,0,1,1,2,1,40,0.272727,6.5,0.888723,0.037303,0.868031,0.856567,7
113000086,2024-09-10,POST_2023,0,0,0,0,0,0,0,1,0,0,1,0,0,0,0,0,0,0,2,1,40,0.272727,7.8333,0.88431,0.038586,0.863779,0.842028,7
113000087,2024-09-13,POST_2023,0,0,0,0,0,0,0,0,0,0,0,0,0,0,0,0,0,0,0,0,43,0.272727,7.1667,0.880544,0.041285,0.863325,0.842785,8
113000088,2024-09-17,POST_2023,0,1,1,1,1,1,1,1,0,0,1,1,0,1,1,0,0,0,11,1,42,0.272727,7.6667,0.883138,0.039598,0.866477,0.847503,7
113000089,2024-09-20,POST_2023,1,0,1,0,0,0,0,0,1,0,0,0,1,0,0,0,0,1,4,1,43,0.272727,8.0,0.901347,0.037153,0.8654,0.84415,8
113000090,2024-09-24,POST_2023,0,0,0,0,0,0,0,0,0,0,0,0,0,0,0,0,0,0,0,0,40,0.30303,7.0,0.865226,0.042822,0.854952,0.831713,7
113000091,2024-09-27,POST_2023,0,0,0,0,0,0,0,0,0,0,0,0,1,0,0,0,1,1,3,1,41,0.272727,6.8333,0.881545,0.039917,0.863115,0.851467,7
113000092,2024-10-01,POST_2023,1,0,0,1,1,0,0,1,0,0,1,1,0,1,1,0,0,1,8,1,42,0.318182,6.3333,0.889763,0.037659,0.882961,0.851498,7
113000093,2024-10-04,POST_2023,0,1,0,0,0,1,1,0,0,0,0,0,0,0,0,0,0,1,4,1,44,0.272727,6.5,0.915023,0.034651,0.89548,0.858257,8
113000094,2024-10-08,POST_2023,1,0,0,0,0,0,0,0,0,0,0,0,0,0,0,0,0,0,0,0,39,0.325758,6.8333,0.860301,0.04463,0.871727,0.827154,8
113000095,2024-10-11,POST_2023,0,0,1,1,1,0,0,0,0,0,0,0,1,0,0,1,0,0,5,1,45,0.272727,6.3333,0.896514,0.038174,0.886445,0.86468,7
113000096,2024-10-15,POST_2023,0,0,0,0,0,0,0,0,0,0,0,0,0,0,0,0,0,0,0,0,43,0.272727,6.5,0.891739,0.038268,0.881127,0.867408,7
113000097,2024-10-18,POST_2023,0,0,0,1,1,0,0,0,0,0,0,0,0,0,0,0,0,0,2,1,43,0.272727,6.6667,0.883842,0.039729,0.875656,0.856092,7
113000098,2024-10-22,POST_2023,0,1,0,0,0,1,1,0,0,0,0,0,0,0,0,0,0,0,3,1,45,0.318182,7.0,0.879143,0.043908,0.874528,0.845632,8
113000099,2024-10-25,POST_2023,1,0,0,0,0,0,0,1,0,0,1,1,0,1,1,0,0,0,5,1,42,0.318182,7.0,0.866616,0.044236,0.853687,0.822152,7
113000100,2024-10-29,POST_2023,1,0,0,0,0,0,0,1,0,0,1,1,0,1,1,0,1,0,6,1,41,0.318182,7.6667,0.858326,0.045961,0.860304,0.830733,8
113000101,2024-11-01,POST_2023,0,0,0,0,0,0,0,0,0,0,0,0,0,0,0,0,0,0,0,0,43,0.393939,7.5,0.860714,0.046645,0.843149,0.817885,8
113000102,2024-11-05,POST_2023,0,1,0,0,0,1,1,0,0,0,0,0,0,0,0,0,0,0,3,1,40,0.318182,7.3333,0.851896,0.046523,0.846871,0.826941,8
113000103,2024-11-08,POST_2023,0,0,0,0,0,0,0,0,0,0,0,0,1,0,0,0,0,1,2,1,36,0.318182,6.6667,0.840982,0.046354,0.834711,0.81383,8
113000104,2024-11-12,POST_2023,0,0,0,0,0,0,0,0,0,0,0,0,0,0,0,1,0,0,1,1,38,0.280303,6.5,0.859558,0.042138,0.85591,0.82882,8
113000105,2024-11-15,POST_2023,0,0,0,0,0,0,0,0,1,0,0,0,0,0,0,0,0,0,1,1,43,0.227273,6.6667,0.892354,0.037921,0.853009,0.829576,8
113000106,2024-11-19,POST_2023,0,0,0,0,0,0,0,0,0,0,0,0,1,0,0,0,0,0,1,1,40,0.272727,6.8333,0.870841,0.040938,0.852934,0.817053,8
113000107,2024-11-22,POST_2023,1,0,0,0,0,0,0,1,0,0,1,1,0,1,1,0,1,0,6,1,39,0.325758,6.3333,0.874109,0.040732,0.85626,0.835166,7
113000108,2024-11-26,POST_2023,0,0,0,0,0,0,0,0,0,0,0,0,0,0,0,0,0,0,0,0,43,0.325758,7.1667,0.863981,0.046307,0.850218,0.82425,8
113000109,2024-11-29,POST_2023,0,0,0,0,0,0,0,1,0,0,1,1,0,1,1,0,0,0,5,1,41,0.318182,7.3333,0.861968,0.045726,0.85406,0.82724,8
113000110,2024-12-03,POST_2023,0,0,0,0,0,0,0,0,0,0,0,0,0,0,0,0,0,0,0,0,43,0.30303,7.6667,0.867988,0.044115,0.846903,0.820984,8
113000111,2024-12-06,POST_2023,0,0,0,0,0,0,0,0,0,0,0,0,0,0,0,0,0,0,0,0,43,0.287879,6.3333,0.87856,0.041247,0.857782,0.823267,8
113000112,2024-12-10,POST_2023,1,0,0,0,0,0,0,1,1,1,1,1,0,0,0,0,0,0,5,1,39,0.265152,6.3333,0.858552,0.043121,0.854319,0.80603,8
113000113,2024-12-13,POST_2023,0,0,0,0,0,0,0,0,0,0,0,0,0,0,0,0,0,0,0,0,42,0.378788,7.3333,0.849386,0.04909,0.842557,0.79868,8
113000114,2024-12-17,POST_2023,0,0,1,1,1,0,0,0,0,0,0,0,0,0,0,0,0,0,3,1,40,0.386364,9.0,0.854147,0.047778,0.835736,0.817074,9
113000115,2024-12-20,POST_2023,1,0,0,0,0,0,0,0,0,0,0,0,1,0,0,0,0,0,1,1,35,0.386364,7.6667,0.832608,0.048762,0.836716,0.799768,8
113000116,2024-12-24,POST_2023,0,1,0,0,0,1,1,0,0,0,0,0,0,0,0,0,0,0,3,1,40,0.318182,6.5,0.868968,0.040976,0.864339,0.823417,8
113000117,2024-12-27,POST_2023,1,1,1,1,1,1,1,0,0,0,0,0,0,0,0,0,0,0,6,1,41,0.477273,6.3333,0.859147,0.047422,0.866088,0.821301,8
113000118,2024-12-31,POST_2023,0,1,0,0,0,1,1,0,0,0,0,0,0,0,0,1,0,0,4,1,41,0.393939,7.3333,0.864425,0.046214,0.844682,0.811672,8
114000001,2025-01-03,POST_2023,0,0,0,0,0,0,0,0,0,1,0,0,0,0,0,1,0,0,2,1,41,0.439394,7.1667,0.873251,0.044414,0.861254,0.814373,8
114000002,2025-01-07,POST_2023,1,0,0,0,0,0,0,1,1,1,1,0,0,0,0,0,1,1,6,1,44,0.393939,6.5,0.895204,0.03987,0.880877,0.847448,8
114000003,2025-01-10,POST_2023,0,0,0,0,0,0,0,1,0,0,1,1,0,1,1,0,0,0,5,1,41,0.333333,7.1667,0.860912,0.045848,0.855773,0.832627,8
114000004,2025-01-14,POST_2023,0,0,0,0,0,0,0,0,0,1,0,0,0,0,0,0,0,0,1,1,41,0.287879,8.1667,0.884034,0.040404,0.860093,0.813433,9
114000005,2025-01-17,POST_2023,0,0,0,0,0,0,0,0,0,0,0,0,0,0,0,0,0,0,0,0,40,0.265152,6.5,0.876548,0.040385,0.856054,0.834564,7
114000006,2025-01-21,POST_2023,0,1,0,0,0,1,1,1,0,0,1,1,0,1,1,0,0,0,8,1,39,0.272727,7.8333,0.870063,0.040807,0.839812,0.807636,9
114000007,2025-01-24,POST_2023,0,0,0,0,0,0,0,0,0,0,0,0,0,0,0,1,0,0,1,1,42,0.265152,6.5,0.871619,0.040976,0.852909,0.824863,8
114000008,2025-01-25,POST_2023,0,1,1,1,1,1,1,0,0,0,0,0,0,0,0,0,0,1,7,1,42,0.318182,6.5,0.882667,0.04121,0.883057,0.858524,8
114000009,2025-01-26,POST_2023,0,0,0,0,0,0,0,0,0,0,0,0,0,0,0,0,0,0,0,0,43,0.265152,6.5,0.890177,0.038071,0.875668,0.854267,8
114000010,2025-01-27,POST_2023,0,1,0,0,0,1,1,1,1,1,1,1,0,1,1,0,0,0,10,1,43,0.212121,5.5,0.907137,0.034295,0.894198,0.868625,8
114000011,2025-01-28,POST_2023,1,0,0,0,0,0,0,0,0,0,0,0,0,0,0,0,0,1,1,1,41,0.204545,6.1667,0.900867,0.034229,0.88985,0.869697,8
114000012,2025-01-29,POST_2023,0,0,0,0,0,0,0,0,0,0,0,0,0,0,0,0,0,0,0,0,40,0.30303,6.8333,0.864093,0.043224,0.873565,0.838326,8
114000013,2025-01-30,POST_2023,0,0,0,0,0,0,0,0,1,1,0,1,0,0,0,0,0,1,4,1,39,0.318182,7.0,0.873979,0.040385,0.874751,0.825597,8
114000014,2025-01-31,POST_2023,0,0,0,0,0,0,0,0,0,0,0,0,0,0,0,0,0,0,0,0,42,0.287879,6.6667,0.887655,0.039654,0.877596,0.832175,8
114000015,2025-02-01,POST_2023,0,0,0,0,0,0,0,0,0,0,0,0,0,0,0,0,0,0,0,0,45,0.219697,5.6667,0.921258,0.032299,0.890152,0.85308,8
114000016,2025-02-02,POST_2023,0,1,0,0,0,1,1,0,0,0,0,0,0,0,0,0,0,0,3,1,43,0.257576,6.0,0.89767,0.036946,0.889957,0.853486,8
114000017,2025-02-03,POST_2023,0,0,0,0,0,0,0,0,0,0,0,0,0,0,0,0,0,0,0,0,45,0.219697,5.5,0.912618,0.034679,0.890997,0.877452,8
114000018,2025-02-04,POST_2023,0,0,1,1,1,0,0,0,0,1,0,1,0,1,1,1,1,0,9,1,43,0.234848,6.0,0.897019,0.036506,0.901784,0.886717,8
114000019,2025-02-05,POST_2023,0,0,1,1,1,0,0,0,0,0,0,0,0,0,0,0,0,0,3,1,45,0.234848,6.0,0.90679,0.035325,0.895699,0.868845,7
114000020,2025-02-06,POST_2023,0,0,0,0,0,0,0,0,0,0,0,1,1,0,0,0,1,0,3,1,39,0.234848,5.1667,0.883596,0.037387,0.881342,0.843109,6
114000021,2025-02-07,POST_2023,0,0,0,0,0,0,0,0,0,0,0,0,0,0,0,0,0,0,0,0,42,0.212121,6.0,0.896615,0.035888,0.890264,0.859901,7
114000022,2025-02-08,POST_2023,0,0,1,1,1,0,0,0,0,0,0,0,0,0,0,0,0,1,4,1,41,0.30303,5.6667,0.886351,0.038633,0.892704,0.868672,7
114000023,2025-02-09,POST_2023,0,0,0,0,0,0,0,0,0,0,0,0,0,0,0,0,0,0,0,0,41,0.318182,6.5,0.873121,0.041931,0.883278,0.854235,8
114000024,2025-02-10,POST_2023,0,0,1,1,1,0,0,0,1,1,0,0,0,0,0,0,0,0,5,1,41,0.272727,6.6667,0.865697,0.043552,0.881327,0.844477,7
114000025,2025-02-11,POST_2023,1,0,1,1,1,0,0,1,0,0,1,0,0,1,1,0,1,0,8,1,43,0.257576,5.8333,0.910995,0.033583,0.896644,0.870378,7
114000026,2025-02-12,POST_2023,0,0,0,0,0,0,0,1,0,0,1,1,0,1,1,0,0,0,5,1,42,0.295455,6.0,0.901023,0.035522,0.892568,0.853178,7
114000027,2025-02-14,POST_2023,0,0,0,0,0,0,0,0,0,0,0,0,0,0,0,0,0,0,0,0,42,0.219697,5.6667,0.900809,0.034894,0.88837,0.866823,7
114000028,2025-02-18,POST_2023,1,0,0,0,0,0,0,0,0,0,0,0,0,0,0,1,0,1,2,1,42,0.204545,4.8333,0.914901,0.032121,0.895247,0.880649,8
114000029,2025-02-21,POST_2023,1,1,0,0,0,1,1,1,1,1,1,1,0,1,1,1,0,1,12,1,42,0.234848,6.1667,0.9099,0.033461,0.891604,0.872559,7
114000030,2025-02-25,POST_2023,0,0,0,0,0,0,0,0,0,0,0,0,0,0,0,0,0,0,0,0,41,0.265152,5.8333,0.896822,0.035747,0.886134,0.853588,7
114000031,2025-02-28,POST_2023,1,1,0,0,0,1,1,1,0,0,1,1,0,1,1,0,0,0,8,1,41,0.227273,6.3333,0.89417,0.035916,0.88699,0.870083,7
114000032,2025-03-04,POST_2023,0,0,1,1,1,0,0,0,0,0,0,0,1,0,0,0,0,0,4,1,40,0.30303,6.6667,0.875116,0.040292,0.883156,0.847887,8
114000033,2025-03-07,POST_2023,1,1,0,0,0,1,1,1,0,0,1,1,1,1,1,0,0,0,9,1,43,0.409091,6.5,0.876225,0.044002,0.879024,0.858204,7
114000034,2025-03-11,POST_2023,0,0,0,0,0,0,0,0,0,0,0,0,0,0,0,0,0,0,0,0,41,0.416667,6.8333,0.8654,0.046298,0.867754,0.845875,7
114000035,2025-03-14,POST_2023,1,0,1,0,0,0,0,0,0,0,0,0,0,0,0,0,0,0,1,1,41,0.295455,5.8333,0.884337,0.039289,0.887959,0.8478,7
114000036,2025-03-18,POST_2023,0,0,0,0,0,0,0,0,0,0,0,0,1,0,0,0,0,0,1,1,43,0.333333,6.8333,0.889553,0.039083,0.876174,0.842735,8
114000037,2025-03-21,POST_2023,0,0,0,0,0,0,0,1,0,0,1,1,0,1,1,1,0,0,6,1,39,0.356061,6.6667,0.881014,0.04047,0.883872,0.83725,8
114000038,2025-03-25,POST_2023,0,0,1,1,1,0,0,0,0,0,0,0,0,0,0,0,0,0,3,1,40,0.318182,7.1667,0.871731,0.041585,0.861299,0.802575,7
114000039,2025-03-28,POST_2023,0,0,0,0,0,0,0,1,1,1,1,1,0,0,0,0,1,1,7,1,43,0.318182,6.1667,0.892667,0.03853,0.882712,0.852031,7
114000040,2025-04-01,POST_2023,1,0,0,0,0,0,0,1,0,0,1,1,0,1,1,0,0,1,6,1,40,0.310606,6.3333,0.886333,0.037902,0.884277,0.841234,7
114000041,2025-04-04,POST_2023,1,0,0,0,0,0,0,1,0,0,1,1,0,1,1,0,0,0,5,1,43,0.348485,6.8333,0.887024,0.041041,0.868642,0.819888,8
114000042,2025-04-08,POST_2023,0,1,1,1,1,1,1,0,0,0,0,0,0,0,0,0,0,0,6,1,43,0.393939,7.1667,0.889185,0.041575,0.870229,0.813844,8
114000043,2025-04-11,POST_2023,0,0,0,0,0,0,0,0,0,0,0,0,1,0,0,0,0,0,1,1,44,0.272727,5.6667,0.908528,0.035269,0.894749,0.856579,7
114000044,2025-04-15,POST_2023,0,0,0,0,0,0,0,0,0,0,0,0,0,0,0,0,0,0,0,0,44,0.348485,5.6667,0.90652,0.036684,0.889091,0.85541,6
114000045,2025-04-18,POST_2023,0,0,0,0,0,0,0,0,1,1,0,0,0,0,0,0,0,0,2,1,45,0.356061,6.3333,0.908919,0.036862,0.892258,0.865898,7
114000046,2025-04-22,POST_2023,0,0,0,0,0,0,0,0,1,1,0,0,0,0,0,0,0,0,2,1,43,0.30303,6.0,0.900627,0.037181,0.877336,0.842674,7
114000047,2025-04-25,POST_2023,0,0,0,0,0,0,0,0,0,0,0,0,0,0,0,0,0,0,0,0,43,0.295455,6.1667,0.907994,0.035354,0.88093,0.854224,7
114000048,2025-04-29,POST_2023,0,1,0,0,0,1,1,1,0,0,1,1,1,1,1,1,0,0,10,1,40,0.272727,6.5,0.886494,0.037921,0.877174,0.837701,7
114000049,2025-05-02,POST_2023,0,0,0,0,0,0,0,0,0,0,0,0,0,0,0,0,0,0,0,0,41,0.393939,6.3333,0.872072,0.04299,0.864875,0.825874,7
114000050,2025-05-06,POST_2023,0,0,0,0,0,0,0,0,1,1,0,0,0,1,1,0,0,0,4,1,43,0.310606,6.1667,0.896345,0.037921,0.883278,0.856718,8
114000051,2025-05-09,POST_2023,0,0,0,0,0,0,0,0,0,0,0,0,0,0,0,0,0,0,0,0,41,0.295455,7.0,0.889277,0.038333,0.866995,0.825727,8
114000052,2025-05-13,POST_2023,0,0,0,0,0,0,0,0,0,0,0,0,0,0,0,0,0,0,0,0,41,0.272727,6.0,0.89616,0.036956,0.883606,0.849107,8
114000053,2025-05-16,POST_2023,0,0,0,0,0,0,0,0,0,0,0,0,0,0,0,0,0,0,0,0,43,0.272727,7.1667,0.893351,0.038586,0.871378,0.836497,8
114000054,2025-05-20,POST_2023,0,0,0,0,0,0,0,0,0,1,0,0,0,0,0,0,0,0,1,1,43,0.272727,6.8333,0.882082,0.041379,0.867388,0.847164,7
114000055,2025-05-23,POST_2023,0,0,0,0,0,0,0,0,0,0,0,1,1,0,0,1,0,0,3,1,44,0.272727,6.0,0.900553,0.037696,0.879063,0.848914,7
114000056,2025-05-27,POST_2023,0,1,0,0,0,1,1,1,0,0,1,1,0,1,1,0,0,0,8,1,42,0.287879,5.8333,0.885209,0.039579,0.881503,0.839039,8
114000057,2025-05-30,POST_2023,1,0,1,1,1,0,0,0,0,0,0,0,0,0,0,0,1,1,5,1,41,0.310606,7.3333,0.866251,0.043777,0.87381,0.831109,8
114000058,2025-06-03,POST_2023,0,0,0,0,0,0,0,0,0,0,0,0,0,0,0,0,0,0,0,0,42,0.340909,6.1667,0.887775,0.038999,0.88113,0.847497,8
114000059,2025-06-06,POST_2023,0,0,0,0,0,0,0,0,0,0,0,0,0,0,0,0,0,0,0,0,42,0.30303,5.8333,0.902801,0.036066,0.885928,0.855131,8
114000060,2025-06-10,POST_2023,1,0,0,1,1,0,0,0,0,0,0,0,1,0,0,0,0,1,4,1,38,0.44697,7.8333,0.830059,0.053372,0.833129,0.785138,8
114000061,2025-06-13,POST_2023,1,0,0,0,0,0,0,0,1,1,0,0,1,0,0,1,0,1,5,1,42,0.287879,6.3333,0.883165,0.04032,0.877186,0.845548,8
114000062,2025-06-17,POST_2023,0,0,0,0,0,0,0,1,0,0,1,1,0,1,1,0,0,0,5,1,41,0.462121,7.5,0.859774,0.04775,0.859111,0.832658,8
114000063,2025-06-20,POST_2023,0,0,0,0,0,0,0,0,0,0,0,0,0,0,0,0,0,0,0,0,41,0.431818,7.5,0.846974,0.051245,0.842722,0.826489,8
114000064,2025-06-24,POST_2023,0,0,0,0,0,0,0,0,0,0,0,0,0,0,0,0,0,0,0,0,41,0.378788,7.0,0.867006,0.044911,0.859315,0.843449,8
114000065,2025-06-27,POST_2023,0,0,0,0,0,0,0,0,0,0,0,0,0,0,0,0,0,0,0,0,43,0.393939,7.6667,0.867472,0.047394,0.857394,0.844952,7
114000066,2025-07-01,POST_2023,0,1,1,1,1,1,1,0,0,0,0,0,1,0,0,0,0,0,7,1,42,0.424242,6.3333,0.886208,0.04254,0.87712,0.852744,7
114000067,2025-07-04,POST_2023,0,0,0,0,0,0,0,0,0,0,0,0,0,0,0,0,0,0,0,0,40,0.401515,7.5,0.841019,0.051939,0.850276,0.826363,8
114000068,2025-07-08,POST_2023,1,0,0,0,0,0,0,0,1,1,0,0,0,0,0,0,1,0,3,1,41,0.401515,6.5,0.866646,0.045239,0.869528,0.83992,8
114000069,2025-07-11,POST_2023,0,1,0,0,0,1,1,0,0,0,0,0,0,0,0,0,0,0,3,1,41,0.340909,7.0,0.871998,0.044255,0.880585,0.843166,8
114000070,2025-07-15,POST_2023,0,0,0,1,1,0,0,0,0,0,0,0,0,0,0,0,0,0,2,1,42,0.371212,7.8333,0.865164,0.046832,0.860059,0.843095,8
114000071,2025-07-18,POST_2023,0,0,0,0,0,0,0,0,0,0,0,1,0,1,1,0,0,1,4,1,41,0.318182,6.1667,0.87947,0.040873,0.876205,0.835288,8
114000072,2025-07-22,POST_2023,0,0,0,0,0,0,0,0,0,0,0,0,0,0,0,0,0,0,0,0,45,0.257576,5.5,0.907519,0.036169,0.890718,0.846221,8
114000073,2025-07-25,POST_2023,0,0,0,0,0,0,0,0,1,1,0,0,0,0,0,0,0,0,2,1,43,0.30303,6.1667,0.898923,0.037246,0.896546,0.845856,7
114000074,2025-07-29,POST_2023,0,0,0,0,0,0,0,0,0,0,0,0,0,0,0,1,0,0,1,1,43,0.318182,6.0,0.892777,0.038989,0.890315,0.854305,7
114000075,2025-08-01,POST_2023,0,0,0,0,0,0,0,0,0,0,0,0,1,0,0,0,0,0,1,1,41,0.340909,6.0,0.887064,0.039673,0.885105,0.839239,8
114000076,2025-08-05,POST_2023,0,1,0,0,0,1,1,0,0,0,0,0,0,0,0,0,0,0,3,1,43,0.325758,5.3333,0.909734,0.035054,0.901076,0.857799,8
114000077,2025-08-08,POST_2023,0,0,0,0,0,0,0,0,0,0,0,0,0,0,0,0,1,0,1,1,44,0.333333,6.5,0.897654,0.038361,0.886603,0.842438,7
114000078,2025-08-12,POST_2023,1,0,1,1,1,0,0,1,0,0,1,1,0,1,1,0,1,0,9,1,42,0.348485,6.0,0.894802,0.038792,0.888953,0.859292,7
114000079,2025-08-15,POST_2023,1,0,0,0,0,0,0,1,0,0,1,1,1,1,1,0,1,1,8,1,41,0.280303,7.1667,0.870265,0.043224,0.879689,0.826989,7
114000080,2025-08-19,POST_2023,0,0,0,0,0,0,0,0,0,0,0,0,0,0,0,0,0,0,0,0,42,0.295455,6.6667,0.882289,0.041041,0.877105,0.844396,7
114000081,2025-08-22,POST_2023,0,1,1,1,1,1,1,0,0,0,0,0,1,0,0,0,0,1,8,1,44,0.287879,5.8333,0.892999,0.037752,0.882296,0.835734,7
114000082,2025-08-26,POST_2023,0,0,0,0,0,0,0,0,0,0,0,0,0,0,0,0,0,0,0,0,41,0.310606,6.3333,0.885507,0.040039,0.882289,0.850709,7
114000083,2025-08-29,POST_2023,0,0,0,0,0,0,0,0,0,0,0,0,0,0,0,0,0,1,1,1,41,0.287879,6.6667,0.87816,0.040507,0.877354,0.836419,7
114000084,2025-09-02,POST_2023,1,0,0,1,1,0,0,0,1,1,0,1,1,0,0,0,0,1,7,1,39,0.30303,7.0,0.881882,0.040076,0.873432,0.824038,7
114000085,2025-09-05,POST_2023,1,0,0,0,0,0,0,1,0,0,1,1,0,1,1,0,1,0,6,1,40,0.310606,6.1667,0.875688,0.041107,0.868404,0.820993,7
114000086,2025-09-09,POST_2023,1,1,0,0,0,1,1,1,0,0,1,1,0,1,1,0,0,1,9,1,40,0.280303,6.0,0.875129,0.039383,0.865171,0.81769,8
114000087,2025-09-12,POST_2023,0,0,0,0,0,0,0,1,1,1,1,0,0,0,0,0,0,0,4,1,39,0.310606,7.3333,0.856975,0.044461,0.85261,0.80295,8
114000088,2025-09-16,POST_2023,0,0,0,0,0,0,0,0,0,0,0,0,0,0,0,0,1,0,1,1,41,0.454545,7.3333,0.855982,0.048968,0.850327,0.806694,7
114000089,2025-09-19,POST_2023,0,1,0,0,0,1,1,0,0,0,0,0,0,0,0,0,0,0,3,1,41,0.363636,7.0,0.86793,0.043712,0.848552,0.817773,8
114000090,2025-09-23,POST_2023,1,0,0,0,0,0,0,1,0,0,1,0,0,0,0,0,0,1,3,1,40,0.325758,7.6667,0.863809,0.043599,0.85614,0.803715,9
114000091,2025-09-26,POST_2023,1,0,0,0,0,0,0,1,1,1,1,1,0,1,1,0,1,0,8,1,39,0.272727,7.6667,0.866804,0.041453,0.846532,0.807083,9
114000092,2025-09-30,POST_2023,0,0,0,0,0,0,0,0,0,0,0,0,0,0,0,0,0,0,0,0,41,0.431818,7.0,0.879777,0.043093,0.865833,0.824874,8
114000093,2025-10-03,POST_2023,0,0,0,0,0,0,0,0,0,0,0,0,0,0,0,0,0,0,0,0,42,0.318182,6.8333,0.895961,0.03794,0.873481,0.821961,8
114000094,2025-10-07,POST_2023,0,0,0,0,0,0,0,0,0,0,0,0,0,0,0,0,0,0,0,0,42,0.340909,6.8333,0.878527,0.04017,0.85867,0.820892,6
114000095,2025-10-10,POST_2023,0,0,0,0,0,0,0,0,0,0,0,0,0,0,0,1,0,0,1,1,41,0.409091,6.8333,0.869245,0.044658,0.853875,0.809037,7
114000096,2025-10-14,POST_2023,1,0,0,0,0,0,0,1,0,0,1,1,1,1,1,0,0,1,7,1,42,0.30303,6.5,0.886108,0.038699,0.872628,0.829735,7
114000097,2025-10-17,POST_2023,0,0,0,0,0,0,0,0,0,0,0,0,1,0,0,0,0,0,1,1,43,0.424242,6.6667,0.883436,0.042503,0.862656,0.815111,7
114000098,2025-10-21,POST_2023,1,0,0,0,0,0,0,1,0,0,1,1,0,1,1,0,0,0,5,1,41,0.318182,6.6667,0.889583,0.037574,0.870379,0.829936,7
114000099,2025-10-24,POST_2023,0,1,0,0,0,1,1,0,1,0,0,0,0,0,0,0,0,0,4,1,40,0.234848,6.0,0.875006,0.039654,0.867692,0.812084,8
114000100,2025-10-28,POST_2023,0,0,0,0,0,0,0,0,0,0,0,0,1,0,0,0,0,1,2,1,41,0.219697,6.1667,0.883136,0.038268,0.879772,0.830462,7
114000101,2025-10-31,POST_2023,0,0,0,0,0,0,0,0,0,0,0,0,0,0,0,1,0,1,2,1,44,0.272727,6.3333,0.89855,0.036609,0.883537,0.845246,7
114000102,2025-11-04,POST_2023,0,0,0,0,0,1,0,1,0,0,1,1,0,1,1,0,0,0,6,1,41,0.272727,6.1667,0.874249,0.041022,0.873445,0.835141,7
114000103,2025-11-07,POST_2023,0,0,0,0,0,0,0,0,1,0,0,0,0,0,0,0,0,0,1,1,40,0.287879,7.1667,0.86989,0.042212,0.865795,0.829648,7
114000104,2025-11-11,POST_2023,0,0,0,0,0,0,0,0,0,0,0,0,1,0,0,1,0,0,2,1,44,0.318182,7.1667,0.891916,0.039711,0.870203,0.843223,8
114000105,2025-11-14,POST_2023,0,1,0,0,0,1,1,1,0,0,1,1,0,1,1,0,0,0,8,1,42,0.25,6.3333,0.884228,0.038867,0.882718,0.839061,8
114000106,2025-11-18,POST_2023,0,0,0,0,0,0,0,0,1,0,0,0,0,0,0,1,0,0,2,1,41,0.318182,7.0,0.88058,0.040348,0.878482,0.810599,8
114000107,2025-11-21,POST_2023,0,0,0,0,0,0,0,0,0,0,0,0,0,0,0,0,0,1,1,1,40,0.287879,5.8333,0.873464,0.039804,0.877551,0.83566,6
114000108,2025-11-25,POST_2023,1,0,0,0,0,1,0,1,1,0,1,1,0,1,1,0,0,0,7,1,41,0.280303,6.8333,0.861488,0.044152,0.865923,0.832767,8
114000109,2025-11-28,POST_2023,0,0,0,0,0,0,0,0,0,0,0,0,1,0,0,0,0,1,2,1,43,0.318182,6.8333,0.882827,0.041622,0.87492,0.848595,8
114000110,2025-12-02,POST_2023,1,0,0,0,0,1,0,1,0,0,1,0,0,0,0,0,0,0,3,1,44,0.227273,6.0,0.901756,0.036553,0.879223,0.848662,7
114000111,2025-12-05,POST_2023,0,0,0,0,0,0,0,0,1,1,0,0,0,0,0,0,0,0,2,1,42,0.280303,6.8333,0.885921,0.039636,0.872334,0.845758,7
114000112,2025-12-09,POST_2023,0,0,0,0,0,0,0,0,0,0,0,0,0,0,0,0,0,0,0,0,41,0.257576,5.8333,0.890737,0.038062,0.874538,0.838317,8
114000113,2025-12-12,POST_2023,0,1,0,0,0,1,1,0,0,0,0,0,0,0,0,0,0,0,3,1,41,0.280303,6.8333,0.878114,0.040816,0.869697,0.841473,7
114000114,2025-12-16,POST_2023,0,0,0,1,1,0,0,0,0,0,0,0,1,0,0,0,0,0,3,1,43,0.272727,5.8333,0.902223,0.035925,0.886393,0.86109,7
114000115,2025-12-19,POST_2023,0,0,0,0,0,0,0,0,0,0,0,0,0,0,0,0,0,0,0,0,43,0.318182,7.1667,0.891067,0.03897,0.87652,0.849085,7
114000116,2025-12-23,POST_2023,0,0,0,0,0,0,0,0,0,1,0,0,0,0,0,0,0,0,1,1,41,0.272727,6.0,0.87902,0.039392,0.877885,0.826984,8
114000117,2025-12-26,POST_2023,0,0,0,0,0,0,0,0,0,0,0,0,0,0,0,0,0,0,0,0,42,0.227273,6.6667,0.906584,0.034604,0.885512,0.849337,8
114000118,2025-12-30,POST_2023,1,0,0,0,0,1,0,1,0,0,1,1,1,1,1,0,0,0,7,1,41,0.257576,7.1667,0.90109,0.035597,0.879781,0.842545,8
115000001,2026-01-02,POST_2023,0,0,0,0,0,0,0,0,0,0,0,0,0,0,0,1,0,0,1,1,42,0.287879,7.0,0.889171,0.038839,0.865214,0.849047,7
115000002,2026-01-06,POST_2023,0,1,0,0,0,0,1,0,1,0,0,0,0,0,0,0,0,0,3,1,42,0.280303,7.0,0.884521,0.03912,0.873417,0.853048,7
115000003,2026-01-09,POST_2023,0,0,1,0,0,0,0,0,0,0,0,0,0,0,0,0,1,0,2,1,45,0.287879,6.5,0.913128,0.036094,0.887453,0.8676,8
115000004,2026-01-13,POST_2023,0,0,0,0,0,0,0,0,0,0,0,1,0,0,0,0,1,0,2,1,44,0.227273,5.8333,0.907852,0.035185,0.891498,0.85537,7
115000005,2026-01-16,POST_2023,0,0,0,0,0,0,0,0,0,0,0,0,1,0,0,0,0,0,1,1,40,0.333333,7.0,0.871465,0.041585,0.875831,0.830592,8
115000006,2026-01-20,POST_2023,1,1,0,0,0,1,1,1,1,1,1,1,0,1,1,0,0,0,10,1,45,0.265152,6.5,0.892102,0.039036,0.886959,0.854783,8
115000007,2026-01-23,POST_2023,0,0,0,0,0,0,0,0,0,0,0,0,0,0,0,0,0,0,0,0,40,0.310606,7.0,0.864771,0.042503,0.879226,0.832476,8
115000008,2026-01-27,POST_2023,0,0,0,0,0,0,0,0,0,0,0,0,0,0,0,0,0,1,1,1,41,0.333333,6.6667,0.871609,0.042943,0.865449,0.832037,7
115000009,2026-01-30,POST_2023,0,0,0,0,0,0,0,0,0,0,0,0,1,0,0,0,0,0,1,1,42,0.310606,7.5,0.879335,0.042044,0.872227,0.816442,8
115000010,2026-02-03,POST_2023,0,0,0,0,0,0,0,0,0,0,0,0,0,0,0,0,0,1,1,1,41,0.272727,6.6667,0.888853,0.038005,0.875164,0.832406,6
115000011,2026-02-06,POST_2023,0,0,0,0,0,1,0,1,0,0,1,0,0,1,1,0,0,0,5,1,42,0.30303,6.6667,0.891715,0.037855,0.86135,0.844723,8
115000012,2026-02-10,POST_2023,0,0,0,0,0,0,0,0,0,0,0,0,1,0,0,0,1,0,2,1,41,0.257576,7.5,0.887824,0.037968,0.861991,0.828467,8
115000013,2026-02-12,POST_2023,1,0,0,0,0,0,0,0,1,1,0,0,1,0,0,0,1,1,5,1,38,0.265152,7.6667,0.863676,0.042709,0.84157,0.794432,8
115000014,2026-02-13,POST_2023,1,1,0,0,0,1,1,1,0,0,1,1,0,1,1,0,1,0,9,1,41,0.378788,7.5,0.873407,0.043543,0.836763,0.798348,8
115000015,2026-02-14,POST_2023,0,0,0,0,0,0,0,0,0,1,0,0,0,0,0,0,0,0,1,1,43,0.401515,9.0,0.868976,0.046185,0.837739,0.803669,8
115000016,2026-02-15,POST_2023,1,0,0,0,0,0,0,0,0,0,0,0,1,0,0,0,0,0,1,1,43,0.318182,8.0,0.873648,0.043834,0.8418,0.832437,8
115000017,2026-02-16,POST_2023,0,0,1,1,1,0,0,0,0,0,0,0,0,0,0,1,1,0,5,1,42,0.333333,7.8333,0.873156,0.04225,0.847947,0.834961,8
115000018,2026-02-17,POST_2023,0,0,0,0,0,0,0,0,0,0,0,0,0,0,0,1,1,0,2,1,40,0.386364,7.1667,0.858816,0.045323,0.847765,0.815012,7
115000019,2026-02-18,POST_2023,0,0,1,0,0,0,0,0,0,0,0,1,0,0,0,0,1,0,3,1,39,0.333333,7.3333,0.864641,0.042925,0.840234,0.811114,7
115000020,2026-02-19,POST_2023,0,0,0,0,0,0,0,0,1,1,0,0,0,0,0,0,0,0,2,1,40,0.287879,8.3333,0.867981,0.042709,0.842008,0.820987,7
115000021,2026-02-20,POST_2023,0,0,1,1,1,0,0,1,0,0,1,1,0,1,1,0,1,0,9,1,41,0.431818,8.3333,0.862674,0.045989,0.843232,0.825991,7
115000022,2026-02-21,POST_2023,0,0,0,0,0,0,0,0,0,0,0,0,1,0,0,0,0,0,1,1,43,0.242424,8.1667,0.88649,0.039748,0.860222,0.82725,8
115000023,2026-02-22,POST_2023,1,0,0,0,0,0,0,0,0,0,0,0,1,0,0,1,0,0,2,1,40,0.280303,8.6667,0.860846,0.044639,0.846191,0.820234,8
115000024,2026-02-23,POST_2023,0,0,0,0,0,0,0,0,0,0,0,0,0,0,0,0,0,0,0,0,43,0.280303,7.8333,0.884316,0.040582,0.86465,0.840895,8
115000025,2026-02-24,POST_2023,0,0,0,0,0,0,0,0,0,0,0,0,0,0,0,0,0,0,0,0,41,0.265152,6.8333,0.890282,0.037705,0.882064,0.85807,7
115000026,2026-02-25,POST_2023,0,1,1,1,1,0,1,0,1,0,0,0,0,0,0,0,0,0,6,1,43,0.257576,6.3333,0.901998,0.035616,0.885298,0.850239,8
115000027,2026-02-26,POST_2023,1,0,0,0,0,0,0,0,0,0,0,1,0,1,1,0,0,0,3,1,41,0.219697,6.3333,0.891292,0.036572,0.884779,0.838644,8
115000028,2026-02-27,POST_2023,0,0,0,0,0,0,0,0,0,0,0,0,0,0,0,0,0,0,0,0,38,0.272727,6.3333,0.882333,0.037293,0.87412,0.807932,7
115000029,2026-02-28,POST_2023,0,0,1,0,0,0,0,0,0,0,0,0,0,0,0,1,0,0,2,1,40,0.363636,6.0,0.873644,0.04166,0.877455,0.829587,7
115000030,2026-03-01,POST_2023,0,1,1,1,1,0,1,0,0,0,0,0,0,0,0,0,0,0,5,1,41,0.333333,7.1667,0.865916,0.043974,0.862253,0.825202,7
115000031,2026-03-02,POST_2023,0,1,0,0,0,0,1,0,0,0,0,0,0,0,0,0,0,0,2,1,40,0.340909,7.1667,0.876931,0.042053,0.868975,0.83607,7
115000032,2026-03-03,POST_2023,0,0,0,0,0,0,0,0,0,0,0,0,0,0,0,0,0,0,0,0,41,0.318182,5.6667,0.90331,0.035297,0.889522,0.849629,7
115000033,2026-03-06,POST_2023,0,0,0,0,0,0,0,0,0,0,0,0,0,0,0,0,0,0,0,0,42,0.318182,6.5,0.889947,0.038464,0.883053,0.857731,6
115000034,2026-03-10,POST_2023,0,0,0,0,0,0,0,0,0,0,0,0,0,0,0,0,0,0,0,0,46,0.272727,7.0,0.917559,0.035035,0.882855,0.866516,7
115000035,2026-03-13,POST_2023,1,0,1,1,1,0,0,0,0,0,0,0,0,1,1,0,0,0,5,1,41,0.272727,5.3333,0.902301,0.035428,0.89733,0.874047,7
115000036,2026-03-17,POST_2023,1,0,1,1,1,0,0,0,0,0,0,0,0,0,0,0,0,1,4,1,43,0.272727,5.5,0.892698,0.038136,0.880255,0.839065,7
115000037,2026-03-20,POST_2023,0,1,0,0,0,1,1,0,1,1,0,0,0,0,0,0,0,0,5,1,42,0.272727,5.6667,0.911451,0.033845,0.893911,0.848227,7
115000038,2026-03-24,POST_2023,0,0,0,0,0,0,0,0,0,0,0,0,1,0,0,0,0,0,1,1,41,0.204545,5.6667,0.914262,0.032271,0.899464,0.868619,6
115000039,2026-03-27,POST_2023,1,0,1,1,1,0,0,0,0,0,0,0,0,0,0,0,1,1,5,1,42,0.174242,5.1667,0.908813,0.032617,0.903336,0.856743,6
115000040,2026-03-31,POST_2023,0,0,0,0,0,0,0,0,0,0,0,0,0,0,0,0,0,0,0,0,41,0.30303,6.1667,0.890127,0.037396,0.897506,0.86839,6
115000041,2026-04-03,POST_2023,1,0,0,0,0,0,0,1,0,0,1,1,1,1,1,0,1,0,7,1,43,0.333333,6.0,0.889148,0.040357,0.876151,0.850366,7
115000042,2026-04-07,POST_2023,0,0,0,0,0,0,0,0,0,1,0,0,0,0,0,0,1,0,2,1,40,0.454545,7.5,0.858024,0.047816,0.856839,0.832888,7
115000043,2026-04-10,POST_2023,0,0,0,0,0,0,0,0,0,0,0,0,0,0,0,0,1,1,2,1,36,0.393939,7.1667,0.839997,0.047179,0.855617,0.815033,8
115000044,2026-04-14,POST_2023,0,0,0,0,0,0,0,0,0,0,0,0,0,0,0,0,0,0,0,0,43,0.439394,7.0,0.875894,0.044892,0.871447,0.849211,8
115000045,2026-04-17,POST_2023,0,1,0,0,0,1,1,0,0,0,0,0,0,0,0,0,0,0,3,1,42,0.30303,6.1667,0.882475,0.039795,0.88488,0.867824,8
115000046,2026-04-21,POST_2023,0,1,0,0,0,1,1,0,0,0,0,0,0,0,0,1,0,0,4,1,41,0.265152,5.8333,0.882959,0.039045,0.878512,0.84042,8
115000047,2026-04-24,POST_2023,0,1,0,0,0,1,1,0,0,0,0,0,0,0,0,0,0,0,3,1,38,0.295455,6.5,0.870701,0.041079,0.874556,0.836797,7
115000048,2026-04-28,POST_2023,0,0,0,0,0,0,0,0,0,0,0,1,1,0,0,0,0,0,2,1,41,0.280303,6.3333,0.872443,0.04181,0.875611,0.831895,7
115000049,2026-05-01,POST_2023,0,0,0,0,0,0,0,0,0,0,0,0,0,0,0,0,0,0,0,0,41,0.325758,6.5,0.880156,0.040573,0.878466,0.846444,7
115000050,2026-05-05,POST_2023,0,0,0,0,0,0,0,0,0,0,0,0,0,0,0,0,0,0,0,0,44,0.393939,7.1667,0.880348,0.044471,0.876324,0.857605,7
115000051,2026-05-08,POST_2023,0,1,0,0,0,1,1,1,0,0,1,1,0,1,1,0,0,0,8,1,43,0.280303,6.1667,0.8808,0.04135,0.885071,0.846699,8
115000052,2026-05-12,POST_2023,0,0,0,0,0,0,0,0,0,0,0,0,0,0,0,0,0,0,0,0,43,0.265152,7.0,0.877111,0.041847,0.875919,0.827876,8
115000053,2026-05-15,POST_2023,0,0,1,1,1,0,0,0,0,0,0,0,0,0,0,0,0,0,3,1,39,0.409091,7.3333,0.845511,0.048959,0.863554,0.837743,8
115000054,2026-05-19,POST_2023,0,0,1,1,1,0,0,0,0,0,0,0,0,0,0,0,0,0,3,1,41,0.340909,7.5,0.87184,0.044199,0.87323,0.844955,8
115000055,2026-05-22,POST_2023,0,0,0,0,0,0,0,0,0,0,0,0,0,0,0,0,0,0,0,0,41,0.401515,7.8333,0.855772,0.047797,0.869197,0.843265,8
115000056,2026-05-26,POST_2023,0,0,0,0,0,0,0,0,0,0,0,0,0,0,0,0,0,0,0,0,43,0.272727,6.1667,0.885887,0.039158,0.894245,0.869131,8
115000057,2026-05-29,POST_2023,0,1,0,0,0,1,1,0,0,0,0,0,1,0,0,0,0,0,4,1,42,0.318182,5.8333,0.89781,0.036928,0.892114,0.845459,9
115000058,2026-06-02,POST_2023,1,0,0,0,0,0,0,0,0,0,0,0,0,0,0,0,0,1,1,1,45,0.265152,5.8333,0.910624,0.035297,0.903341,0.875217,7
115000059,2026-06-05,POST_2023,0,0,0,0,0,0,0,0,0,0,0,0,0,0,0,0,1,0,1,1,45,0.227273,5.0,0.921476,0.033227,0.905819,0.885814,8
115000060,2026-06-09,POST_2023,0,1,0,0,0,1,1,0,0,0,0,0,1,0,0,0,0,0,4,1,40,0.44697,6.8333,0.854591,0.048697,0.858927,0.849305,8
115000061,2026-06-12,POST_2023,1,0,0,0,0,0,0,1,0,0,1,1,0,1,1,0,1,1,7,1,43,0.356061,7.1667,0.875226,0.045248,0.868417,0.859941,8
115000062,2026-06-16,POST_2023,0,0,0,0,0,0,0,0,0,1,0,0,0,0,0,0,1,1,3,1,42,0.280303,6.8333,0.874705,0.04329,0.879549,0.848175,8
115000063,2026-06-19,POST_2023,0,0,0,0,0,0,0,1,0,0,1,0,0,0,0,0,0,0,2,1,43,0.257576,5.1667,0.913751,0.033892,0.903246,0.874816,7
115000064,2026-06-23,POST_2023,0,1,0,0,0,1,1,0,0,0,0,0,0,0,0,0,0,0,3,1,42,0.295455,5.5,0.905958,0.035457,0.899072,0.859295,8
115000065,2026-06-26,POST_2023,0,0,0,0,0,0,0,0,1,0,0,0,1,0,0,0,0,0,2,1,43,0.424242,5.5,0.890807,0.041191,0.8958,0.863497,7
115000066,2026-06-30,POST_2023,0,0,0,0,0,0,0,0,0,0,0,0,0,0,0,1,0,0,1,1,44,0.295455,6.5,0.882967,0.040723,0.896057,0.879203,7
115000067,2026-07-03,POST_2023,0,0,0,0,0,0,0,1,0,0,1,1,0,1,1,0,1,0,6,1,42,0.30303,6.6667,0.874293,0.041875,0.874684,0.817935,8
115000068,2026-07-07,POST_2023,0,0,0,0,0,0,0,0,1,1,0,0,1,0,0,0,0,1,4,1,42,0.333333,6.6667,0.859562,0.046935,0.872529,0.834435,8
115000069,2026-07-10,POST_2023,1,0,0,0,0,0,0,1,0,0,1,0,0,0,0,0,1,0,3,1,41,0.30303,6.5,0.883768,0.040376,0.893551,0.863118,8
