hypothesis_id,canonical_title,origin,source_provenance,closest_existing_internal_hypothesis,closest_historical_strategy,collision_status,historical_testability,data_readiness,forward_readiness_if_known,new_model_output_required,runtime_requirement,fast_falsification_spec_available,discovery_priority,orthogonality,estimated_compute,execution_status
H01,Cross-strategy residual-gated meta-selector,INTERNAL,B649_TRACK_D_RESEARCH_SURFACE_R1.md@sha256:26add8e34cb259cffdd54c6cd8f91373980ffe7c2277b17b2afaca8c936c8859,SELF,legacy_biglotto__advanced_methods_benchmark__87ee0d15033c,OPEN_NO_EXACT_HISTORICAL_MATCH; PRIOR_CONTACT=NOT_TESTED,5/5,READY_FOR_HISTORICAL_EXPERIMENT,READY_WITH_MEDIUM_ENGINEERING,NO_NEW_BASE_MODEL_BUT_DERIVED_OUTPUT_OVERLAY,MEDIUM; LEVEL1_TENS_OF_MINUTES_TO_HOURS,YES,TIER_1_EXPLORE_NOW,5/5,MEDIUM; LEVEL1_TENS_OF_MINUTES_TO_HOURS,EXECUTED_NOT_ADVANCED
H02,Complementary-error graph across strategies,INTERNAL,B649_TRACK_D_RESEARCH_SURFACE_R1.md@sha256:26add8e34cb259cffdd54c6cd8f91373980ffe7c2277b17b2afaca8c936c8859,SELF,legacy_biglotto__optimized_ensemble__e05e0fde22d7,OPEN_NO_EXACT_HISTORICAL_MATCH; PRIOR_CONTACT=NOT_TESTED,5/5,READY_FOR_HISTORICAL_EXPERIMENT,READY_WITH_MEDIUM_ENGINEERING,NO_NEW_BASE_MODEL_BUT_DERIVED_OUTPUT_OVERLAY,MEDIUM; 1_TO_3_CPU_HOURS,YES,TIER_1_EXPLORE_NOW,5/5,MEDIUM; 1_TO_3_CPU_HOURS,NOT_EXECUTED
H03,Mixture-of-experts with out-of-fold gating,INTERNAL,B649_TRACK_D_RESEARCH_SURFACE_R1.md@sha256:26add8e34cb259cffdd54c6cd8f91373980ffe7c2277b17b2afaca8c936c8859,SELF,legacy_biglotto__advanced_methods_benchmark__87ee0d15033c,OPEN_NO_EXACT_HISTORICAL_MATCH; PRIOR_CONTACT=FAMILY_TESTED_NEW_HYPOTHESIS_OPEN,5/5,READY_FOR_HISTORICAL_EXPERIMENT,REQUIRES_NEW_MODEL_OUTPUT,YES,MEDIUM; 2_TO_6_HOURS,YES,TIER_1_EXPLORE_NOW,3/5,MEDIUM; 2_TO_6_HOURS,NOT_EXECUTED
H04,"50/300/750 slope, acceleration and disagreement signal",INTERNAL,B649_TRACK_D_RESEARCH_SURFACE_R1.md@sha256:26add8e34cb259cffdd54c6cd8f91373980ffe7c2277b17b2afaca8c936c8859,SELF,legacy_biglotto__auto_optimizer_alpha__7eaa9572e384,OPEN_NO_EXACT_HISTORICAL_MATCH; PRIOR_CONTACT=NOT_TESTED,5/5,READY_FOR_HISTORICAL_EXPERIMENT,READY_WITH_DERIVED_FEATURES,NO_NEW_BASE_MODEL_BUT_DERIVED_OUTPUT_OVERLAY,LOW_TO_MEDIUM,YES,TIER_1_EXPLORE_NOW,4/5,LOW_TO_MEDIUM,EXECUTED_NOT_ADVANCED
H05,Conditional consensus by regime/state,INTERNAL,B649_TRACK_D_RESEARCH_SURFACE_R1.md@sha256:26add8e34cb259cffdd54c6cd8f91373980ffe7c2277b17b2afaca8c936c8859,SELF,legacy_biglotto__predict_consensus_ensemble__3ceb975a355c,OPEN_NO_EXACT_HISTORICAL_MATCH; PRIOR_CONTACT=FAMILY_TESTED_NEW_HYPOTHESIS_OPEN,5/5,READY_FOR_HISTORICAL_EXPERIMENT,READY_WITH_SMALL_ENGINEERING,NO_NEW_BASE_MODEL_BUT_DERIVED_OUTPUT_OVERLAY,LOW; 30_TO_90_MINUTES,YES,TIER_2_EXPLORE_AFTER,3/5,LOW; 30_TO_90_MINUTES,NOT_EXECUTED
H06,Conditional anti-consensus / minority signal,INTERNAL,B649_TRACK_D_RESEARCH_SURFACE_R1.md@sha256:26add8e34cb259cffdd54c6cd8f91373980ffe7c2277b17b2afaca8c936c8859,SELF,legacy_biglotto__anti_consensus_strategy__a454ddd26cef,OPEN_NO_EXACT_HISTORICAL_MATCH; PRIOR_CONTACT=FAMILY_TESTED_NEW_HYPOTHESIS_OPEN,5/5,READY_FOR_HISTORICAL_EXPERIMENT,READY_WITH_SMALL_ENGINEERING,NO_NEW_BASE_MODEL_BUT_DERIVED_OUTPUT_OVERLAY,LOW; 30_TO_90_MINUTES,YES,TIER_2_EXPLORE_AFTER,3/5,LOW; 30_TO_90_MINUTES,NOT_EXECUTED
H07,Calibrated per-number probability model,INTERNAL,B649_TRACK_D_RESEARCH_SURFACE_R1.md@sha256:26add8e34cb259cffdd54c6cd8f91373980ffe7c2277b17b2afaca8c936c8859,SELF,legacy_biglotto__xgboost_model__38c72a70c627,OPEN_NO_EXACT_HISTORICAL_MATCH; PRIOR_CONTACT=NOT_TESTED,4/5,PARTIAL_HISTORICAL_INPUT_PATH,REQUIRES_NEW_MODEL_OUTPUT,YES,MEDIUM_TO_HIGH,YES,TIER_1_EXPLORE_NOW,5/5,MEDIUM_TO_HIGH,NOT_EXECUTED
H08,Per-number ranking-loss model,INTERNAL,B649_TRACK_D_RESEARCH_SURFACE_R1.md@sha256:26add8e34cb259cffdd54c6cd8f91373980ffe7c2277b17b2afaca8c936c8859,SELF,legacy_biglotto__xgboost_model__38c72a70c627,OPEN_NO_EXACT_HISTORICAL_MATCH; PRIOR_CONTACT=NOT_TESTED,3/5,PARTIAL_HISTORICAL_INPUT_PATH,REQUIRES_NEW_MODEL_OUTPUT,YES,MEDIUM; 1_TO_3_HOURS,YES,TIER_2_EXPLORE_AFTER,5/5,MEDIUM; 1_TO_3_HOURS,NOT_EXECUTED
H09,Predictive uncertainty / ensemble dispersion,INTERNAL,B649_TRACK_D_RESEARCH_SURFACE_R1.md@sha256:26add8e34cb259cffdd54c6cd8f91373980ffe7c2277b17b2afaca8c936c8859,SELF,legacy_biglotto__optimized_ensemble__e05e0fde22d7,OPEN_NO_EXACT_HISTORICAL_MATCH; PRIOR_CONTACT=NOT_TESTED,4/5,PARTIAL_HISTORICAL_INPUT_PATH,REQUIRES_NEW_MODEL_OUTPUT,YES,MEDIUM; 1_TO_3_HOURS_AFTER_COMPARABLE_OUTPUTS_EXIST,YES,TIER_2_EXPLORE_AFTER,5/5,MEDIUM; 1_TO_3_HOURS_AFTER_COMPARABLE_OUTPUTS_EXIST,NOT_EXECUTED
H10,Direct ticket-level scorer with pair/triple residual terms,INTERNAL,B649_TRACK_D_RESEARCH_SURFACE_R1.md@sha256:26add8e34cb259cffdd54c6cd8f91373980ffe7c2277b17b2afaca8c936c8859,SELF,legacy_biglotto__backtest_apriori__2abb53765703,OPEN_NO_EXACT_HISTORICAL_MATCH; PRIOR_CONTACT=FAMILY_TESTED_NEW_HYPOTHESIS_OPEN,5/5,READY_FOR_HISTORICAL_EXPERIMENT,REQUIRES_NEW_MODEL_OUTPUT,YES,MEDIUM_BOUNDED_TO_HIGH_IF_INTERACTIONS_PROLIFERATE,YES,TIER_1_EXPLORE_NOW,5/5,MEDIUM_BOUNDED_TO_HIGH_IF_INTERACTIONS_PROLIFERATE,NOT_EXECUTED
H11,Pair/triple interaction residual after marginal number scores,INTERNAL,B649_TRACK_D_RESEARCH_SURFACE_R1.md@sha256:26add8e34cb259cffdd54c6cd8f91373980ffe7c2277b17b2afaca8c936c8859,SELF,legacy_biglotto__evaluate_combinations__d49d0787d0c6,OPEN_NO_EXACT_HISTORICAL_MATCH; PRIOR_CONTACT=FAMILY_TESTED_NEW_HYPOTHESIS_OPEN,5/5,READY_FOR_HISTORICAL_EXPERIMENT,REQUIRES_NEW_MODEL_OUTPUT,YES,HIGH; 4_TO_12_HOURS,YES,TIER_2_EXPLORE_AFTER,5/5,HIGH; 4_TO_12_HOURS,NOT_EXECUTED
H12,Temporal hypergraph motifs / communities,INTERNAL,B649_TRACK_D_RESEARCH_SURFACE_R1.md@sha256:26add8e34cb259cffdd54c6cd8f91373980ffe7c2277b17b2afaca8c936c8859,SELF,legacy_biglotto__backtest_apriori__2abb53765703,OPEN_NO_EXACT_HISTORICAL_MATCH; PRIOR_CONTACT=FAMILY_TESTED_NEW_HYPOTHESIS_OPEN,4/5,READY_FOR_HISTORICAL_EXPERIMENT,REQUIRES_NEW_RUNTIME_ARCHITECTURE,YES,MEDIUM_MINIMAL_MOTIFS_TO_HIGH_BROAD_SEARCH,YES,TIER_2_EXPLORE_AFTER,5/5,MEDIUM_MINIMAL_MOTIFS_TO_HIGH_BROAD_SEARCH,NOT_EXECUTED
H13,Temporal graph change rather than static graph score,INTERNAL,B649_TRACK_D_RESEARCH_SURFACE_R1.md@sha256:26add8e34cb259cffdd54c6cd8f91373980ffe7c2277b17b2afaca8c936c8859,SELF,legacy_biglotto__cooccurrence_graph__25fa2e473092,OPEN_NO_EXACT_HISTORICAL_MATCH; PRIOR_CONTACT=FAMILY_TESTED_NEW_HYPOTHESIS_OPEN,5/5,READY_FOR_HISTORICAL_EXPERIMENT,READY_WITH_MEDIUM_ENGINEERING,NO_NEW_BASE_MODEL_BUT_DERIVED_OUTPUT_OVERLAY,MEDIUM; 2_TO_6_HOURS,YES,TIER_2_EXPLORE_AFTER,4/5,MEDIUM; 2_TO_6_HOURS,NOT_EXECUTED
H14,DPP/submodular portfolio selection under a calibrated score,INTERNAL,B649_TRACK_D_RESEARCH_SURFACE_R1.md@sha256:26add8e34cb259cffdd54c6cd8f91373980ffe7c2277b17b2afaca8c936c8859,SELF,legacy_biglotto__backtest_big_lotto_orthogonal_5bet__c4dff46c5a5e,OPEN_NO_EXACT_HISTORICAL_MATCH; PRIOR_CONTACT=NOT_TESTED,5/5,READY_FOR_HISTORICAL_EXPERIMENT,READY_WITH_SMALL_ENGINEERING,CONDITIONAL_UPSTREAM_SCORE_REQUIRED,MEDIUM,YES,TIER_1_EXPLORE_NOW,3/5,MEDIUM,NOT_EXECUTED
H15,Multi-objective hit-depth / coverage / overlap / payout-proxy optimizer,INTERNAL,B649_TRACK_D_RESEARCH_SURFACE_R1.md@sha256:26add8e34cb259cffdd54c6cd8f91373980ffe7c2277b17b2afaca8c936c8859,SELF,legacy_biglotto__portfolio_optimizer__1a6efc7959b6,OPEN_NO_EXACT_HISTORICAL_MATCH; PRIOR_CONTACT=PARTIALLY_TESTED,5/5,READY_FOR_HISTORICAL_EXPERIMENT,READY_WITH_SMALL_ENGINEERING,NO_PREDICTIVE_MODEL,MEDIUM_TO_HIGH; 2_TO_8_HOURS,YES,TIER_2_EXPLORE_AFTER,3/5,MEDIUM_TO_HIGH; 2_TO_8_HOURS,NOT_EXECUTED
H16,Joint main-number/special-number conditional model,INTERNAL,B649_TRACK_D_RESEARCH_SURFACE_R1.md@sha256:26add8e34cb259cffdd54c6cd8f91373980ffe7c2277b17b2afaca8c936c8859,SELF,NONE_WITHIN_CANONICAL_133,OPEN_NO_EXACT_HISTORICAL_MATCH; PRIOR_CONTACT=NOT_TESTED,3/5,PARTIAL_HISTORICAL_INPUT_PATH,REQUIRES_NEW_RUNTIME_ARCHITECTURE,YES,MEDIUM; 2_TO_6_HOURS_AFTER_LEGAL_JOINT_CONTRACT,YES,TIER_3_LONG_SHOT,5/5,MEDIUM; 2_TO_6_HOURS_AFTER_LEGAL_JOINT_CONTRACT,NOT_EXECUTED
H17,Dynamic Bayesian state-space probability model,INTERNAL,B649_TRACK_D_RESEARCH_SURFACE_R1.md@sha256:26add8e34cb259cffdd54c6cd8f91373980ffe7c2277b17b2afaca8c936c8859,SELF,legacy_biglotto__backtest_biglotto_6bet_ewma__e1b5e100d254,OPEN_NO_EXACT_HISTORICAL_MATCH; PRIOR_CONTACT=NOT_TESTED,4/5,READY_FOR_HISTORICAL_EXPERIMENT,REQUIRES_NEW_MODEL_OUTPUT,YES,MEDIUM_TO_HIGH,YES,TIER_2_EXPLORE_AFTER,5/5,MEDIUM_TO_HIGH,NOT_EXECUTED
H18,HMM latent-regime gating,INTERNAL,B649_TRACK_D_RESEARCH_SURFACE_R1.md@sha256:26add8e34cb259cffdd54c6cd8f91373980ffe7c2277b17b2afaca8c936c8859,SELF,legacy_biglotto__predict_evolutionary_gum__b3e96cf483b0,OPEN_NO_EXACT_HISTORICAL_MATCH; PRIOR_CONTACT=NOT_TESTED,4/5,READY_FOR_HISTORICAL_EXPERIMENT,REQUIRES_NEW_MODEL_OUTPUT,YES,HIGH; 4_TO_12_HOURS,YES,TIER_2_EXPLORE_AFTER,4/5,HIGH; 4_TO_12_HOURS,NOT_EXECUTED
H19,Change-point-triggered strategy allocation,INTERNAL,B649_TRACK_D_RESEARCH_SURFACE_R1.md@sha256:26add8e34cb259cffdd54c6cd8f91373980ffe7c2277b17b2afaca8c936c8859,SELF,legacy_biglotto__auto_optimizer_alpha__7eaa9572e384,OPEN_NO_EXACT_HISTORICAL_MATCH; PRIOR_CONTACT=NOT_TESTED,5/5,READY_FOR_HISTORICAL_EXPERIMENT,READY_WITH_MEDIUM_ENGINEERING,NO_NEW_BASE_MODEL_BUT_DERIVED_OUTPUT_OVERLAY,LOW_TO_MEDIUM,YES,TIER_1_EXPLORE_NOW,5/5,LOW_TO_MEDIUM,EXECUTED_NOT_ADVANCED
H20,Entropy/distribution-shift anomaly gating,INTERNAL,B649_TRACK_D_RESEARCH_SURFACE_R1.md@sha256:26add8e34cb259cffdd54c6cd8f91373980ffe7c2277b17b2afaca8c936c8859,SELF,legacy_biglotto__optimize_deviation_extreme_generic__87e19bb3514a,OPEN_NO_EXACT_HISTORICAL_MATCH; PRIOR_CONTACT=FAMILY_TESTED_NEW_HYPOTHESIS_OPEN,5/5,READY_FOR_HISTORICAL_EXPERIMENT,READY_WITH_SMALL_ENGINEERING,NO_NEW_BASE_MODEL_BUT_DERIVED_OUTPUT_OVERLAY,LOW; 30_TO_120_MINUTES,YES,TIER_2_EXPLORE_AFTER,4/5,LOW; 30_TO_120_MINUTES,NOT_EXECUTED
H21,Negative-information candidate suppressor,INTERNAL,B649_TRACK_D_RESEARCH_SURFACE_R1.md@sha256:26add8e34cb259cffdd54c6cd8f91373980ffe7c2277b17b2afaca8c936c8859,SELF,legacy_biglotto__anti_consensus_strategy__a454ddd26cef,OPEN_NO_EXACT_HISTORICAL_MATCH; PRIOR_CONTACT=PARTIALLY_TESTED,5/5,READY_FOR_HISTORICAL_EXPERIMENT,READY_WITH_MEDIUM_ENGINEERING,NO_NEW_BASE_MODEL_BUT_DERIVED_OUTPUT_OVERLAY,LOW_TO_MEDIUM_FIXED_PAIR,YES,TIER_2_EXPLORE_AFTER,5/5,LOW_TO_MEDIUM_FIXED_PAIR,ACTIVE_UNRESOLVED
H22,Conditional/nested exact null and paired counterfactual calibration,INTERNAL,B649_TRACK_D_RESEARCH_SURFACE_R1.md@sha256:26add8e34cb259cffdd54c6cd8f91373980ffe7c2277b17b2afaca8c936c8859,SELF,legacy_biglotto__scientific_baseline_report__a638f456eb66,OPEN_NO_EXACT_HISTORICAL_MATCH; PRIOR_CONTACT=PARTIALLY_TESTED,5/5,READY_FOR_HISTORICAL_EXPERIMENT,HISTORICAL_ONLY_CURRENTLY,NO_PREDICTIVE_MODEL,MEDIUM; 1_TO_3_HOURS,YES,TIER_2_EXPLORE_AFTER,5/5,MEDIUM; 1_TO_3_HOURS,NOT_EXECUTED
H23,"LSTM as residual/meta-feature, not direct ticket generator",INTERNAL,B649_TRACK_D_RESEARCH_SURFACE_R1.md@sha256:26add8e34cb259cffdd54c6cd8f91373980ffe7c2277b17b2afaca8c936c8859,SELF,legacy_biglotto__advanced_methods_benchmark__87ee0d15033c,OPEN_NO_EXACT_HISTORICAL_MATCH; PRIOR_CONTACT=NOT_TESTED,3/5,PARTIAL_HISTORICAL_INPUT_PATH,REQUIRES_NEW_RUNTIME_ARCHITECTURE,YES,HIGH; 6_TO_24_HOURS,YES,TIER_3_LONG_SHOT,5/5,HIGH; 6_TO_24_HOURS,NOT_EXECUTED
H24,Transformer as residual/meta-feature,INTERNAL,B649_TRACK_D_RESEARCH_SURFACE_R1.md@sha256:26add8e34cb259cffdd54c6cd8f91373980ffe7c2277b17b2afaca8c936c8859,SELF,legacy_biglotto__attention_replay_predictor__a811e2eb8215,OPEN_NO_EXACT_HISTORICAL_MATCH; PRIOR_CONTACT=NOT_TESTED,3/5,PARTIAL_HISTORICAL_INPUT_PATH,REQUIRES_NEW_RUNTIME_ARCHITECTURE,YES,HIGH; 8_TO_24_HOURS,YES,TIER_3_LONG_SHOT,5/5,HIGH; 8_TO_24_HOURS,NOT_EXECUTED
H25,XGBoost stacking strategy outputs and history,INTERNAL,B649_TRACK_D_RESEARCH_SURFACE_R1.md@sha256:26add8e34cb259cffdd54c6cd8f91373980ffe7c2277b17b2afaca8c936c8859,SELF,legacy_biglotto__xgboost_model__38c72a70c627,OPEN_NO_EXACT_HISTORICAL_MATCH; PRIOR_CONTACT=FAMILY_TESTED_NEW_HYPOTHESIS_OPEN,5/5,READY_FOR_HISTORICAL_EXPERIMENT,REQUIRES_NEW_MODEL_OUTPUT,YES,MEDIUM; 1_TO_4_HOURS,YES,TIER_2_EXPLORE_AFTER,3/5,MEDIUM; 1_TO_4_HOURS,NOT_EXECUTED
H26,Special-aware portfolio geometry,INTERNAL,B649_TRACK_D_RESEARCH_SURFACE_R1.md@sha256:26add8e34cb259cffdd54c6cd8f91373980ffe7c2277b17b2afaca8c936c8859,SELF,legacy_biglotto__portfolio_optimizer__1a6efc7959b6,OPEN_NO_EXACT_HISTORICAL_MATCH; PRIOR_CONTACT=NOT_TESTED,3/5,PARTIAL_HISTORICAL_INPUT_PATH,REQUIRES_NEW_RUNTIME_ARCHITECTURE,YES,MEDIUM; 2_TO_6_HOURS_AFTER_LEGAL_JOINT_TICKETS,YES,TIER_3_LONG_SHOT,5/5,MEDIUM; 2_TO_6_HOURS_AFTER_LEGAL_JOINT_TICKETS,NOT_EXECUTED
H27,Preregistered confirmation of horizon-minimax disagreement,INTERNAL,B649_TRACK_D_RESEARCH_SURFACE_R1.md@sha256:26add8e34cb259cffdd54c6cd8f91373980ffe7c2277b17b2afaca8c936c8859,SELF,legacy_biglotto__auto_optimizer_alpha__7eaa9572e384,OPEN_NO_EXACT_HISTORICAL_MATCH; PRIOR_CONTACT=PARTIALLY_TESTED,3/5,READY_FOR_HISTORICAL_EXPERIMENT,READY_WITH_SMALL_ENGINEERING,NO,LOW_REPRODUCTION_COMPUTE; PROSPECTIVE_ELAPSED_TIME_HIGH,YES,TIER_1_EXPLORE_NOW,5/5,LOW_REPRODUCTION_COMPUTE; PROSPECTIVE_ELAPSED_TIME_HIGH,NOT_EXECUTED
H28,Prospective confirmation of frozen EWMA drift H1/H2,INTERNAL,B649_TRACK_D_RESEARCH_SURFACE_R1.md@sha256:26add8e34cb259cffdd54c6cd8f91373980ffe7c2277b17b2afaca8c936c8859,SELF,legacy_biglotto__backtest_biglotto_6bet_ewma__e1b5e100d254,OPEN_NO_EXACT_HISTORICAL_MATCH; PRIOR_CONTACT=PARTIALLY_TESTED,1/5,PROTOCOL_ONLY_CALENDAR_GATED,READY_NOW,NO,LOW_LESS_THAN_1_HOUR_PER_UPDATE; CALENDAR_DURATION_UNKNOWN,YES,TIER_1_EXPLORE_NOW,3/5,LOW_LESS_THAN_1_HOUR_PER_UPDATE; CALENDAR_DURATION_UNKNOWN,NOT_EXECUTED
EH01,MATRIX_PROFILE_MOTIF_DISCORD_REGIME_ALLOCATOR,EXTERNAL_NEW,S01:STUMPY|https://github.com/stumpy-dev/stumpy; S02:Matrix Profile I: All Pairs Similarity Joins for Time Series|https://mcyeh.github.io/paper/2016_icdm_all_pairs_similarity.pdf,H19;H20,legacy_biglotto__predict_biglotto_echo_2bet__59c20b25b1fa,NO_EXACT_HISTORICAL_MATCH; GENUINELY_NEW_HYPOTHESIS; RETAINED_AFTER_FULL_133_AUDIT; EXTERNAL_UNVERIFIED_CLAIM,5/5; FAST_FALSIFICATION_SPEC_AVAILABLE,5/5; READY_DERIVABLE,4/5; NOT_PREFLIGHTED; NEW_IMPLEMENTATION_REQUIRED,DERIVED_OUTPUT_ONLY,NEW_READ_ONLY_RESEARCH_IMPLEMENTATION; LOW_TO_MEDIUM; HOURS_UNKNOWN,YES,4.9,5/5,LOW_TO_MEDIUM,NOT_EXECUTED_PROPOSED_ONLY
EH02,TRANSFER_ENTROPY_DIRECTED_LAG_GRAPH,EXTERNAL_NEW,S03:Java Information Dynamics Toolkit|https://github.com/jlizier/jidt; S04:Measuring Information Transfer|https://arxiv.org/abs/nlin/0001042,H11;H12;H13,legacy_biglotto__cooccurrence_graph__25fa2e473092,NO_EXACT_HISTORICAL_MATCH; GENUINELY_NEW_HYPOTHESIS; RETAINED_AFTER_FULL_133_AUDIT; EXTERNAL_UNVERIFIED_CLAIM,4/5; FAST_FALSIFICATION_SPEC_AVAILABLE,4/5; READY_DERIVABLE,4/5; NOT_PREFLIGHTED; NEW_IMPLEMENTATION_REQUIRED,YES,NEW_READ_ONLY_RESEARCH_IMPLEMENTATION; MEDIUM; HOURS_UNKNOWN,YES,4.4,5/5,MEDIUM,NOT_EXECUTED_PROPOSED_ONLY
EH03,RECURRENCE_QUANTIFICATION_STATE_GATE,EXTERNAL_NEW,S27:Recurrence plots for the analysis of complex systems|https://doi.org/10.1016/j.physrep.2006.11.001,H18;H20,legacy_biglotto__predict_biglotto_echo_2bet__59c20b25b1fa,NO_EXACT_HISTORICAL_MATCH; GENUINELY_NEW_HYPOTHESIS; RETAINED_AFTER_FULL_133_AUDIT; EXTERNAL_UNVERIFIED_CLAIM,4/5; FAST_FALSIFICATION_SPEC_AVAILABLE,4/5; READY_DERIVABLE,4/5; NOT_PREFLIGHTED; NEW_IMPLEMENTATION_REQUIRED,DERIVED_OUTPUT_ONLY,NEW_READ_ONLY_RESEARCH_IMPLEMENTATION; LOW_TO_MEDIUM; HOURS_UNKNOWN,YES,4.5,5/5,LOW_TO_MEDIUM,NOT_EXECUTED_PROPOSED_ONLY
EH04,CONTEXT_TREE_WEIGHTED_SYMBOLIC_RESIDUAL_FORECASTER,EXTERNAL_NEW,S28:The Context-Tree Weighting Method: Basic Properties|https://pure.tue.nl/ws/files/1383848/Metis122608.pdf,H07;H17,legacy_biglotto__test_tme__f3bb5106dfe3,NO_EXACT_HISTORICAL_MATCH; GENUINELY_NEW_HYPOTHESIS; RETAINED_AFTER_FULL_133_AUDIT; EXTERNAL_UNVERIFIED_CLAIM,5/5; FAST_FALSIFICATION_SPEC_AVAILABLE,5/5; READY_DERIVABLE,4/5; NOT_PREFLIGHTED; NEW_IMPLEMENTATION_REQUIRED,YES,NEW_READ_ONLY_RESEARCH_IMPLEMENTATION; LOW; HOURS_UNKNOWN,YES,4.9,5/5,LOW,NOT_EXECUTED_PROPOSED_ONLY
EH05,DENSITY_RATIO_IMPORTANCE_WEIGHTED_RECALIBRATION,EXTERNAL_NEW,S05:River|https://github.com/online-ml/river; S30:A Least-squares Approach to Direct Importance Estimation|https://jmlr.csail.mit.edu/papers/v10/kanamori09a.html,H07;H20,legacy_biglotto__xgboost_model__38c72a70c627,NO_EXACT_HISTORICAL_MATCH; GENUINELY_NEW_HYPOTHESIS; RETAINED_AFTER_FULL_133_AUDIT; EXTERNAL_UNVERIFIED_CLAIM,5/5; FAST_FALSIFICATION_SPEC_AVAILABLE,5/5; PARTIAL_REQUIRES_OUT_OF_FOLD_NUMBER_SCORES,5/5; NOT_PREFLIGHTED; NEW_IMPLEMENTATION_REQUIRED,YES,NEW_READ_ONLY_RESEARCH_IMPLEMENTATION; LOW_TO_MEDIUM; HOURS_UNKNOWN,YES,4.8,4/5,LOW_TO_MEDIUM,NOT_EXECUTED_PROPOSED_ONLY
EH06,HAWKES_EXCITATION_INHIBITION_RESIDUAL_SCORER,EXTERNAL_NEW,S18:tick|https://github.com/X-DataInitiative/tick; S19:tick: a Python library for statistical learning with an emphasis on Hawkes processes and time-dependent models|https://www.jmlr.org/papers/v18/17-381.html,H11;H12;H17,legacy_biglotto__cooccurrence_graph__25fa2e473092,NO_EXACT_HISTORICAL_MATCH; GENUINELY_NEW_HYPOTHESIS; RETAINED_AFTER_FULL_133_AUDIT; EXTERNAL_UNVERIFIED_CLAIM,3/5; FAST_FALSIFICATION_SPEC_AVAILABLE,4/5; READY_DERIVABLE,3/5; NOT_PREFLIGHTED; NEW_IMPLEMENTATION_REQUIRED,YES,NEW_READ_ONLY_RESEARCH_IMPLEMENTATION; MEDIUM_TO_HIGH; HOURS_UNKNOWN,YES,4.0,5/5,MEDIUM_TO_HIGH,NOT_EXECUTED_PROPOSED_ONLY
EH07,NVAR_RESERVOIR_CAUSAL_RESIDUAL_META_FEATURE,EXTERNAL_NEW,S20:ReservoirPy|https://github.com/reservoirpy/reservoirpy; S21:Next generation reservoir computing|https://www.nature.com/articles/s41467-021-25801-2,H17;H23;H25,legacy_biglotto__attention_replay_predictor__a811e2eb8215,NO_EXACT_HISTORICAL_MATCH; GENUINELY_NEW_HYPOTHESIS; RETAINED_AFTER_FULL_133_AUDIT; EXTERNAL_UNVERIFIED_CLAIM,3/5; FAST_FALSIFICATION_SPEC_AVAILABLE,4/5; READY_DERIVABLE,4/5; NOT_PREFLIGHTED; NEW_IMPLEMENTATION_REQUIRED,YES,NEW_READ_ONLY_RESEARCH_IMPLEMENTATION; MEDIUM; HOURS_UNKNOWN,YES,4.2,5/5,MEDIUM,NOT_EXECUTED_PROPOSED_ONLY
EH08,PERSISTENT_HOMOLOGY_ROLLING_STRUCTURE_GATE,EXTERNAL_NEW,S22:giotto-tda|https://github.com/giotto-ai/giotto-tda; S23:A Short Survey of Topological Data Analysis in Time Series and Systems Analysis|https://arxiv.org/abs/1809.10745,H12;H13;H20,legacy_biglotto__cooccurrence_graph__25fa2e473092,NO_EXACT_HISTORICAL_MATCH; GENUINELY_NEW_HYPOTHESIS; RETAINED_AFTER_FULL_133_AUDIT; EXTERNAL_UNVERIFIED_CLAIM,2/5; FAST_FALSIFICATION_SPEC_AVAILABLE,3/5; READY_DERIVABLE,3/5; NOT_PREFLIGHTED; NEW_IMPLEMENTATION_REQUIRED,DERIVED_OUTPUT_ONLY,NEW_READ_ONLY_RESEARCH_IMPLEMENTATION; HIGH; HOURS_UNKNOWN,YES,3.6,5/5,HIGH,NOT_EXECUTED_PROPOSED_ONLY
EH09,STRATEGY_DRAW_METRIC_TENSOR_FACTOR_RESIDUAL_GATE,EXTERNAL_NEW,S24:TensorLy|https://github.com/tensorly/tensorly; S25:TensorLy: Tensor Learning in Python|https://www.jmlr.org/papers/v20/18-277.html,H03;H11;H12,legacy_biglotto__advanced_methods_benchmark__87ee0d15033c,NO_EXACT_HISTORICAL_MATCH; GENUINELY_NEW_HYPOTHESIS; RETAINED_AFTER_FULL_133_AUDIT; EXTERNAL_UNVERIFIED_CLAIM,4/5; FAST_FALSIFICATION_SPEC_AVAILABLE,4/5; READY_DERIVABLE,4/5; NOT_PREFLIGHTED; NEW_IMPLEMENTATION_REQUIRED,YES,NEW_READ_ONLY_RESEARCH_IMPLEMENTATION; MEDIUM; HOURS_UNKNOWN,YES,4.4,5/5,MEDIUM,NOT_EXECUTED_PROPOSED_ONLY
EH10,PERMUTATION_ENTROPY_ORDINAL_STATE_GATE,EXTERNAL_EXTENSION,S26:Permutation Entropy: A Natural Complexity Measure for Time Series|https://doi.org/10.1103/PhysRevLett.88.174102; S40:Shannon Entropy and Beyond: An Information-Theoretic Framework for Randomness Pre-Screening|https://pmc.ncbi.nlm.nih.gov/articles/PMC13298215/,H20,legacy_biglotto__biglotto_tme_optimizer__62c6cb676bad,NO_EXACT_HISTORICAL_MATCH; EXTENSION_OF_EXISTING; RETAINED_AFTER_FULL_133_AUDIT; EXTERNAL_UNVERIFIED_CLAIM,5/5; FAST_FALSIFICATION_SPEC_AVAILABLE,5/5; READY_DERIVABLE,4/5; NOT_PREFLIGHTED; NEW_IMPLEMENTATION_REQUIRED,DERIVED_OUTPUT_ONLY,NEW_READ_ONLY_RESEARCH_IMPLEMENTATION; LOW; HOURS_UNKNOWN,YES,4.6,4/5,LOW,NOT_EXECUTED_PROPOSED_ONLY
EH11,MMD_JOINT_DISTRIBUTION_SHIFT_ALLOCATOR,EXTERNAL_EXTENSION,S10:Alibi Detect|https://github.com/SeldonIO/alibi-detect; S11:Online MMD drift detection documentation|https://docs.seldon.ai/alibi-detect/cd/methods/online/onlinemmddrift; S12:A Kernel Two-Sample Test|https://www.jmlr.org/papers/v13/gretton12a.html,H20,legacy_biglotto__predict_evolutionary_gum__b3e96cf483b0,NO_EXACT_HISTORICAL_MATCH; EXTENSION_OF_EXISTING; RETAINED_AFTER_FULL_133_AUDIT; EXTERNAL_UNVERIFIED_CLAIM,5/5; FAST_FALSIFICATION_SPEC_AVAILABLE,5/5; READY_DERIVABLE,5/5; NOT_PREFLIGHTED; NEW_IMPLEMENTATION_REQUIRED,DERIVED_OUTPUT_ONLY,NEW_READ_ONLY_RESEARCH_IMPLEMENTATION; LOW_TO_MEDIUM; HOURS_UNKNOWN,YES,4.7,4/5,LOW_TO_MEDIUM,NOT_EXECUTED_PROPOSED_ONLY
EH12,WASSERSTEIN_WINDOW_SHIFT_ALLOCATOR,EXTERNAL_EXTENSION,S31:Change Point Detection in Time Series Using Optimal Transport|https://www.michaelchughes.com/papers/ChengAeronHughesEtAl_ICASSP_2020.pdf,H19;H20,legacy_biglotto__research_variant_history__149648f9fffc,NO_EXACT_HISTORICAL_MATCH; EXTENSION_OF_EXISTING; RETAINED_AFTER_FULL_133_AUDIT; EXTERNAL_UNVERIFIED_CLAIM,5/5; FAST_FALSIFICATION_SPEC_AVAILABLE,5/5; READY_DERIVABLE,4/5; NOT_PREFLIGHTED; NEW_IMPLEMENTATION_REQUIRED,DERIVED_OUTPUT_ONLY,NEW_READ_ONLY_RESEARCH_IMPLEMENTATION; LOW_TO_MEDIUM; HOURS_UNKNOWN,YES,4.5,4/5,LOW_TO_MEDIUM,NOT_EXECUTED_PROPOSED_ONLY
EH13,CONFORMAL_SET_SIZE_COVERAGE_ABSTENTION,EXTERNAL_COMBINATION,S13:MAPIE|https://github.com/scikit-learn-contrib/MAPIE; S14:MAPIE adaptive conformal time-series example|https://mapie.readthedocs.io/en/stable/generated/regression/3-scientific-articles/plot_zaffran2022_comparison/; S15:Conformal Risk Control|https://arxiv.org/abs/2208.02814,H07;H09,legacy_biglotto__xgboost_model__38c72a70c627,NO_EXACT_HISTORICAL_MATCH; COMBINATION_OF_EXISTING; RETAINED_AFTER_FULL_133_AUDIT; EXTERNAL_UNVERIFIED_CLAIM,5/5; FAST_FALSIFICATION_SPEC_AVAILABLE,5/5; PARTIAL_REQUIRES_OUT_OF_FOLD_NUMBER_SCORES,5/5; NOT_PREFLIGHTED; NEW_IMPLEMENTATION_REQUIRED,YES,NEW_READ_ONLY_RESEARCH_IMPLEMENTATION; LOW_TO_MEDIUM; HOURS_UNKNOWN,YES,4.6,4/5,LOW_TO_MEDIUM,NOT_EXECUTED_PROPOSED_ONLY
EH14,CONTEXT_CONDITIONED_MMD_DRIFT_GATE,EXTERNAL_COMBINATION,S10:Alibi Detect|https://github.com/SeldonIO/alibi-detect; S11:Online MMD drift detection documentation|https://docs.seldon.ai/alibi-detect/cd/methods/online/onlinemmddrift; S12:A Kernel Two-Sample Test|https://www.jmlr.org/papers/v13/gretton12a.html,H18;H20,legacy_biglotto__predict_evolutionary_gum__b3e96cf483b0,NO_EXACT_HISTORICAL_MATCH; COMBINATION_OF_EXISTING; RETAINED_AFTER_FULL_133_AUDIT; EXTERNAL_UNVERIFIED_CLAIM,4/5; FAST_FALSIFICATION_SPEC_AVAILABLE,4/5; READY_DERIVABLE,4/5; NOT_PREFLIGHTED; NEW_IMPLEMENTATION_REQUIRED,DERIVED_OUTPUT_ONLY,NEW_READ_ONLY_RESEARCH_IMPLEMENTATION; MEDIUM; HOURS_UNKNOWN,YES,4.3,4/5,MEDIUM,NOT_EXECUTED_PROPOSED_ONLY
EH15,CHANGEPOINT_TRIGGERED_META_SELECTION,EXTERNAL_COMBINATION,S05:River|https://github.com/online-ml/river; S06:River ADWIN documentation|https://riverml.xyz/latest/api/drift/ADWIN/; S07:River Page-Hinkley documentation|https://riverml.xyz/latest/api/drift/PageHinkley/,H01;H03;H19,legacy_biglotto__auto_optimizer_alpha__7eaa9572e384,NO_EXACT_HISTORICAL_MATCH; COMBINATION_OF_EXISTING; RETAINED_AFTER_FULL_133_AUDIT; EXTERNAL_UNVERIFIED_CLAIM,5/5; FAST_FALSIFICATION_SPEC_AVAILABLE,5/5; READY_DERIVABLE,5/5; NOT_PREFLIGHTED; NEW_IMPLEMENTATION_REQUIRED,DERIVED_OUTPUT_ONLY,NEW_READ_ONLY_RESEARCH_IMPLEMENTATION; LOW; HOURS_UNKNOWN,YES,4.7,4/5,LOW,NOT_EXECUTED_PROPOSED_ONLY
EH16,CALIBRATED_PROBABILITY_DPP_PORTFOLIO,EXTERNAL_COMBINATION,S13:MAPIE|https://github.com/scikit-learn-contrib/MAPIE; S15:Conformal Risk Control|https://arxiv.org/abs/2208.02814; S16:DPPy|https://github.com/guilgautier/DPPy,H07;H14,legacy_biglotto__portfolio_optimizer__1a6efc7959b6,NO_EXACT_HISTORICAL_MATCH; COMBINATION_OF_H07_AND_H14; NOT_EXACT_TO_H14_UNDER_FULL_INFORMATION_SET; EXTERNAL_UNVERIFIED_CLAIM,5/5; FAST_FALSIFICATION_SPEC_AVAILABLE,5/5; PARTIAL_REQUIRES_CALIBRATED_NUMBER_SCORES_AND_LEGAL_CANDIDATES,5/5; NOT_PREFLIGHTED; NEW_IMPLEMENTATION_REQUIRED,YES,NEW_READ_ONLY_RESEARCH_IMPLEMENTATION; MEDIUM; HOURS_UNKNOWN,YES,4.7,4/5,MEDIUM,NOT_EXECUTED_PROPOSED_ONLY
EH17,STATE_SPACE_POSTERIOR_MULTIWINDOW_DISAGREEMENT,EXTERNAL_COMBINATION,S09:Bayesian Online Changepoint Detection|https://arxiv.org/abs/0710.3742; S21:Next generation reservoir computing|https://www.nature.com/articles/s41467-021-25801-2,H04;H17,legacy_biglotto__test_tme__f3bb5106dfe3,NO_EXACT_HISTORICAL_MATCH; COMBINATION_OF_EXISTING; RETAINED_AFTER_FULL_133_AUDIT; EXTERNAL_UNVERIFIED_CLAIM,4/5; FAST_FALSIFICATION_SPEC_AVAILABLE,4/5; READY_DERIVABLE,4/5; NOT_PREFLIGHTED; NEW_IMPLEMENTATION_REQUIRED,YES,NEW_READ_ONLY_RESEARCH_IMPLEMENTATION; MEDIUM; HOURS_UNKNOWN,YES,4.2,4/5,MEDIUM,NOT_EXECUTED_PROPOSED_ONLY
EH18,E_PROCESS_ANYTIME_VALID_PROMOTION_ABSTENTION_GATE,EXTERNAL_EXTENSION,S29:Game-Theoretic Statistics and Safe Anytime-Valid Inference|https://arxiv.org/abs/2210.01948,H22;H28,legacy_biglotto__rgf_walkforward_validator__cab0d1127b62,NO_EXACT_HISTORICAL_MATCH; EXTENSION_OF_EXISTING; RETAINED_AFTER_FULL_133_AUDIT; EXTERNAL_UNVERIFIED_CLAIM,5/5; FAST_FALSIFICATION_SPEC_AVAILABLE,5/5; READY_SEQUENTIAL_LOSS_STREAM,5/5; NOT_PREFLIGHTED; NEW_IMPLEMENTATION_REQUIRED,NO_PREDICTIVE_MODEL; EVIDENCE_STATE_OUTPUT,NEW_READ_ONLY_RESEARCH_IMPLEMENTATION; LOW; HOURS_UNKNOWN,YES,4.7,5/5,LOW,NOT_EXECUTED_PROPOSED_ONLY
EH25,TS2VEC_CAUSAL_RESIDUAL_EMBEDDING,EXTERNAL_NEW,S33:TS2Vec|https://github.com/zhihanyue/ts2vec; S34:TS2Vec: Towards Universal Representation of Time Series|https://arxiv.org/abs/2106.10466,H23;H24;H25,legacy_biglotto__attention_replay_predictor__a811e2eb8215,NO_EXACT_HISTORICAL_MATCH; GENUINELY_NEW_HYPOTHESIS; RETAINED_AFTER_FULL_133_AUDIT; EXTERNAL_UNVERIFIED_CLAIM,3/5; FAST_FALSIFICATION_SPEC_AVAILABLE,3/5; READY_DERIVABLE,4/5; NOT_PREFLIGHTED; NEW_IMPLEMENTATION_REQUIRED,YES,NEW_READ_ONLY_RESEARCH_IMPLEMENTATION; HIGH; HOURS_UNKNOWN,YES,3.9,5/5,HIGH,NOT_EXECUTED_PROPOSED_ONLY
EH26,STATIONARY_VINE_COPULA_RESIDUAL_DEPENDENCE,EXTERNAL_NEW,S35:svines|https://github.com/tnagler/svines; S36:Stationary vine copula models for multivariate time series|https://arxiv.org/abs/2008.05990,H07;H11,legacy_biglotto__cooccurrence_graph__25fa2e473092,NO_EXACT_HISTORICAL_MATCH; GENUINELY_NEW_HYPOTHESIS; RETAINED_AFTER_FULL_133_AUDIT; EXTERNAL_UNVERIFIED_CLAIM,3/5; FAST_FALSIFICATION_SPEC_AVAILABLE,4/5; PARTIAL_REQUIRES_CALIBRATED_RESIDUALS,3/5; NOT_PREFLIGHTED; NEW_IMPLEMENTATION_REQUIRED,YES,NEW_READ_ONLY_RESEARCH_IMPLEMENTATION; MEDIUM_TO_HIGH; HOURS_UNKNOWN,YES,4.0,5/5,MEDIUM_TO_HIGH,NOT_EXECUTED_PROPOSED_ONLY
EH27,SPARSE_SUBSET_SCAN_CONDITIONAL_EDGE_GATE,EXTERNAL_NEW,S32:Sequential change-point detection: Laplace concentration of scan statistics and non-asymptotic delay bounds|https://proceedings.mlr.press/v98/maillard19a.html,H10;H20;H22,legacy_biglotto__feature_discovery_and_retrospective__e2ea8b18945d,NO_EXACT_HISTORICAL_MATCH; GENUINELY_NEW_HYPOTHESIS; RETAINED_AFTER_FULL_133_AUDIT; EXTERNAL_UNVERIFIED_CLAIM,4/5; FAST_FALSIFICATION_SPEC_AVAILABLE,4/5; READY_DERIVABLE,4/5; NOT_PREFLIGHTED; NEW_IMPLEMENTATION_REQUIRED,DERIVED_OUTPUT_ONLY,NEW_READ_ONLY_RESEARCH_IMPLEMENTATION; MEDIUM; HOURS_UNKNOWN,YES,4.3,5/5,MEDIUM,NOT_EXECUTED_PROPOSED_ONLY
