strategy_id,strategy_name,family,strategy_version,response_shape,native_ticket_count,min_history,runtime_adapter_exists,runtime_adapter_path,native_ticket_generation,deterministic,determinism_mode,seed_semantics,current_executable_path,number_level_score,internal_rank,probability,ticket_level_score,special_number_output,historical_raw_availability,multi_window_metrics_available,candidate_k_direct,forward_observer_compatible,forward_observer_reason,known_limitations,source_authority,source_path_or_artifact
legacy_biglotto__graph_predictor__cd70713a5709,大樂透 Co-occurrence Graph (PageRank + Clique),ML_like,v0.1,SINGLE_TICKET,1,1,YES_LOADABLE_PATH,lottolab.strategies.adapters.biglotto_wave1:BigLottoGraphPredictorAdapter,YES_IF_SUCCESSFUL_NOT_TOTAL_FUNCTION,YES_IF_SUCCESSFUL_EXECUTION,NO_LOAD_BEARING_RNG,NONE_DETERMINISTIC; public execution output carries no seed metadata,YES_PINNED_CATALOG,NO_CANONICAL_PUBLIC_OUTPUT,NO_CANONICAL_PUBLIC_OUTPUT,NO_CANONICAL_PUBLIC_OUTPUT,NO_CANONICAL_PUBLIC_OUTPUT,NONE_BASE_CONTRACT_ALWAYS_NONE,YES_SEALED_133_SURFACE,AVAILABLE_HISTORICAL_ONLY_OR_DERIVABLE;NOT_LIVE_PUBLIC_OUTPUT,YES_DIRECT_HISTORICAL,NO_GENERIC_FORWARD_OBSERVER_CONTRACT,R4 does not authorize this identity as a producer member and is not extensible without a new observer contract.,Executable path is source-faithful but not proven total for every causal target; strict ticket validation fails closed.,git:2db4da27aee716805c393eb9c7dd41aff8e9527e,src/lottolab/strategies/catalog.py@2db4da27aee716805c393eb9c7dd41aff8e9527e;blob=099f2a8c9ccbacc8306b2397c560bef413b24217;/Users/kelvin/VibeCoding-WorkSpace/.task-data/B649_STRATEGY_K_HISTORICAL_MATRIX_AUTHORITY_R1/strategy_universe.json;adapter=lottolab.strategies.adapters.biglotto_wave1:BigLottoGraphPredictorAdapter
legacy_biglotto__backtest_must_hit__909c91fd2fd0,大樂透 Must-Hit Top6（近50期最頻繁）,utility,v0.1,SINGLE_TICKET,1,50,YES_LOADABLE_PATH,lottolab.strategies.adapters.biglotto_wave1:BigLottoMustHitTop6Adapter,YES_IF_SUCCESSFUL_NOT_TOTAL_FUNCTION,YES_IF_SUCCESSFUL_EXECUTION,NO_LOAD_BEARING_RNG,NONE_DETERMINISTIC; public execution output carries no seed metadata,YES_PINNED_CATALOG,NO_CANONICAL_PUBLIC_OUTPUT,NO_CANONICAL_PUBLIC_OUTPUT,NO_CANONICAL_PUBLIC_OUTPUT,NO_CANONICAL_PUBLIC_OUTPUT,NONE_BASE_CONTRACT_ALWAYS_NONE,YES_SEALED_133_SURFACE,AVAILABLE_HISTORICAL_ONLY_OR_DERIVABLE;NOT_LIVE_PUBLIC_OUTPUT,YES_DIRECT_HISTORICAL,NO_GENERIC_FORWARD_OBSERVER_CONTRACT,R4 does not authorize this identity as a producer member and is not extensible without a new observer contract.,Executable path is source-faithful but not proven total for every causal target; strict ticket validation fails closed.,git:2db4da27aee716805c393eb9c7dd41aff8e9527e,src/lottolab/strategies/catalog.py@2db4da27aee716805c393eb9c7dd41aff8e9527e;blob=099f2a8c9ccbacc8306b2397c560bef413b24217;/Users/kelvin/VibeCoding-WorkSpace/.task-data/B649_STRATEGY_K_HISTORICAL_MATRIX_AUTHORITY_R1/strategy_universe.json;adapter=lottolab.strategies.adapters.biglotto_wave1:BigLottoMustHitTop6Adapter
legacy_biglotto__dynamic_frequency_predictor__36e5bf9998ac,大樂透 Dynamic Frequency（自動選窗）,frequency,v0.1,SINGLE_TICKET,1,200,YES_LOADABLE_PATH,lottolab.strategies.adapters.biglotto_wave1:BigLottoDynamicFrequencyAdapter,YES_IF_SUCCESSFUL_NOT_TOTAL_FUNCTION,YES_IF_SUCCESSFUL_EXECUTION,NO_LOAD_BEARING_RNG,NONE_DETERMINISTIC; public execution output carries no seed metadata,YES_PINNED_CATALOG,NO_CANONICAL_PUBLIC_OUTPUT,NO_CANONICAL_PUBLIC_OUTPUT,NO_CANONICAL_PUBLIC_OUTPUT,NO_CANONICAL_PUBLIC_OUTPUT,NONE_BASE_CONTRACT_ALWAYS_NONE,YES_SEALED_133_SURFACE,AVAILABLE_HISTORICAL_ONLY_OR_DERIVABLE;NOT_LIVE_PUBLIC_OUTPUT,YES_DIRECT_HISTORICAL,NO_GENERIC_FORWARD_OBSERVER_CONTRACT,R4 does not authorize this identity as a producer member and is not extensible without a new observer contract.,Executable path is source-faithful but not proven total for every causal target; strict ticket validation fails closed.,git:2db4da27aee716805c393eb9c7dd41aff8e9527e,src/lottolab/strategies/catalog.py@2db4da27aee716805c393eb9c7dd41aff8e9527e;blob=099f2a8c9ccbacc8306b2397c560bef413b24217;/Users/kelvin/VibeCoding-WorkSpace/.task-data/B649_STRATEGY_K_HISTORICAL_MATRIX_AUTHORITY_R1/strategy_universe.json;adapter=lottolab.strategies.adapters.biglotto_wave1:BigLottoDynamicFrequencyAdapter
legacy_biglotto__hot_cooccurrence_analyzer__48121f27d7ee,大樂透 Hot Co-occurrence Analyzer,hot_cold,v0.1,SINGLE_TICKET,1,1,YES_LOADABLE_PATH,lottolab.strategies.adapters.biglotto_wave1:BigLottoHotCooccurrenceAdapter,YES_IF_SUCCESSFUL_NOT_TOTAL_FUNCTION,YES_IF_SUCCESSFUL_EXECUTION,NO_LOAD_BEARING_RNG,NONE_DETERMINISTIC; public execution output carries no seed metadata,YES_PINNED_CATALOG,NO_CANONICAL_PUBLIC_OUTPUT,NO_CANONICAL_PUBLIC_OUTPUT,NO_CANONICAL_PUBLIC_OUTPUT,NO_CANONICAL_PUBLIC_OUTPUT,NONE_BASE_CONTRACT_ALWAYS_NONE,YES_SEALED_133_SURFACE,AVAILABLE_HISTORICAL_ONLY_OR_DERIVABLE;NOT_LIVE_PUBLIC_OUTPUT,YES_DIRECT_HISTORICAL,NO_GENERIC_FORWARD_OBSERVER_CONTRACT,R4 does not authorize this identity as a producer member and is not extensible without a new observer contract.,Executable path is source-faithful but not proven total for every causal target; strict ticket validation fails closed.,git:2db4da27aee716805c393eb9c7dd41aff8e9527e,src/lottolab/strategies/catalog.py@2db4da27aee716805c393eb9c7dd41aff8e9527e;blob=099f2a8c9ccbacc8306b2397c560bef413b24217;/Users/kelvin/VibeCoding-WorkSpace/.task-data/B649_STRATEGY_K_HISTORICAL_MATRIX_AUTHORITY_R1/strategy_universe.json;adapter=lottolab.strategies.adapters.biglotto_wave1:BigLottoHotCooccurrenceAdapter
legacy_biglotto__predict_biglotto_echo_phase2__51c44b5c13d4,大樂透 Echo-Aware Phase 2（自適應權重，2注+3注）,unknown,v0.1,PORTFOLIO,5,1,YES_LOADABLE_PATH,lottolab.strategies.adapters.biglotto_wave1:BigLottoEchoPhase2Adapter,YES_IF_SUCCESSFUL_NOT_TOTAL_FUNCTION,YES_IF_SUCCESSFUL_EXECUTION,NO_LOAD_BEARING_RNG,NONE_DETERMINISTIC; public execution output carries no seed metadata,YES_PINNED_CATALOG,NO_CANONICAL_PUBLIC_OUTPUT,NO_CANONICAL_PUBLIC_OUTPUT,NO_CANONICAL_PUBLIC_OUTPUT,NO_CANONICAL_PUBLIC_OUTPUT,NONE_BASE_CONTRACT_ALWAYS_NONE,YES_SEALED_133_SURFACE,AVAILABLE_HISTORICAL_ONLY_OR_DERIVABLE;NOT_LIVE_PUBLIC_OUTPUT,NO_PORTFOLIO_ORDER_AGGREGATION_NOT_DEFINED,NO_GENERIC_FORWARD_OBSERVER_CONTRACT,R4 does not authorize this identity as a producer member and is not extensible without a new observer contract.,Executable path is source-faithful but not proven total for every causal target; strict ticket validation fails closed.,git:2db4da27aee716805c393eb9c7dd41aff8e9527e,src/lottolab/strategies/catalog.py@2db4da27aee716805c393eb9c7dd41aff8e9527e;blob=099f2a8c9ccbacc8306b2397c560bef413b24217;/Users/kelvin/VibeCoding-WorkSpace/.task-data/B649_STRATEGY_K_HISTORICAL_MATRIX_AUTHORITY_R1/strategy_universe.json;adapter=lottolab.strategies.adapters.biglotto_wave1:BigLottoEchoPhase2Adapter
legacy_biglotto__high_prize_trend_optimizer__0fc72409150e,大樂透 High Prize Trend（7組Lambda衰減）,frequency,v0.1,PORTFOLIO,7,1,YES_LOADABLE_PATH,lottolab.strategies.adapters.biglotto_wave2:BigLottoHighPrizeTrendAdapter,YES_IF_SUCCESSFUL_NOT_TOTAL_FUNCTION,YES_IF_SUCCESSFUL_EXECUTION,NO_LOAD_BEARING_RNG,NONE_DETERMINISTIC; public execution output carries no seed metadata,YES_PINNED_CATALOG,NO_CANONICAL_PUBLIC_OUTPUT,NO_CANONICAL_PUBLIC_OUTPUT,NO_CANONICAL_PUBLIC_OUTPUT,NO_CANONICAL_PUBLIC_OUTPUT,NONE_BASE_CONTRACT_ALWAYS_NONE,YES_SEALED_133_SURFACE,AVAILABLE_HISTORICAL_ONLY_OR_DERIVABLE;NOT_LIVE_PUBLIC_OUTPUT,NO_PORTFOLIO_ORDER_AGGREGATION_NOT_DEFINED,NO_GENERIC_FORWARD_OBSERVER_CONTRACT,R4 does not authorize this identity as a producer member and is not extensible without a new observer contract.,Executable path is source-faithful but not proven total for every causal target; strict ticket validation fails closed.,git:2db4da27aee716805c393eb9c7dd41aff8e9527e,src/lottolab/strategies/catalog.py@2db4da27aee716805c393eb9c7dd41aff8e9527e;blob=099f2a8c9ccbacc8306b2397c560bef413b24217;/Users/kelvin/VibeCoding-WorkSpace/.task-data/B649_STRATEGY_K_HISTORICAL_MATRIX_AUTHORITY_R1/strategy_universe.json;adapter=lottolab.strategies.adapters.biglotto_wave2:BigLottoHighPrizeTrendAdapter
legacy_biglotto__core_satellite__2e82891003b3,大樂透 Core-Satellite（4模式x3注）,hot_cold,v0.1,PORTFOLIO,12,1,YES_LOADABLE_PATH,lottolab.strategies.adapters.biglotto_wave2:BigLottoCoreSatelliteAdapter,YES_IF_SUCCESSFUL_NOT_TOTAL_FUNCTION,YES_IF_SUCCESSFUL_EXECUTION,NO_LOAD_BEARING_RNG,NONE_DETERMINISTIC; public execution output carries no seed metadata,YES_PINNED_CATALOG,NO_CANONICAL_PUBLIC_OUTPUT,NO_CANONICAL_PUBLIC_OUTPUT,NO_CANONICAL_PUBLIC_OUTPUT,NO_CANONICAL_PUBLIC_OUTPUT,NONE_BASE_CONTRACT_ALWAYS_NONE,YES_SEALED_133_SURFACE,AVAILABLE_HISTORICAL_ONLY_OR_DERIVABLE;NOT_LIVE_PUBLIC_OUTPUT,NO_PORTFOLIO_ORDER_AGGREGATION_NOT_DEFINED,NO_GENERIC_FORWARD_OBSERVER_CONTRACT,R4 does not authorize this identity as a producer member and is not extensible without a new observer contract.,Executable path is source-faithful but not proven total for every causal target; strict ticket validation fails closed.,git:2db4da27aee716805c393eb9c7dd41aff8e9527e,src/lottolab/strategies/catalog.py@2db4da27aee716805c393eb9c7dd41aff8e9527e;blob=099f2a8c9ccbacc8306b2397c560bef413b24217;/Users/kelvin/VibeCoding-WorkSpace/.task-data/B649_STRATEGY_K_HISTORICAL_MATRIX_AUTHORITY_R1/strategy_universe.json;adapter=lottolab.strategies.adapters.biglotto_wave2:BigLottoCoreSatelliteAdapter
legacy_biglotto__auto_discovery_biglotto__06bcb164db84,大樂透 Auto-Discovery（6維度x54組態）,zone,v0.1,PORTFOLIO,54,50,YES_LOADABLE_PATH,lottolab.strategies.adapters.biglotto_wave2:BigLottoAutoDiscoveryAdapter,YES_IF_SUCCESSFUL_NOT_TOTAL_FUNCTION,YES_IF_SUCCESSFUL_EXECUTION,NO_LOAD_BEARING_RNG,NONE_DETERMINISTIC; public execution output carries no seed metadata,YES_PINNED_CATALOG,NO_CANONICAL_PUBLIC_OUTPUT,NO_CANONICAL_PUBLIC_OUTPUT,NO_CANONICAL_PUBLIC_OUTPUT,NO_CANONICAL_PUBLIC_OUTPUT,NONE_BASE_CONTRACT_ALWAYS_NONE,YES_SEALED_133_SURFACE,AVAILABLE_HISTORICAL_ONLY_OR_DERIVABLE;NOT_LIVE_PUBLIC_OUTPUT,NO_PORTFOLIO_ORDER_AGGREGATION_NOT_DEFINED,NO_GENERIC_FORWARD_OBSERVER_CONTRACT,R4 does not authorize this identity as a producer member and is not extensible without a new observer contract.,Pathological A5 starvation is explicitly fail-closed.,git:2db4da27aee716805c393eb9c7dd41aff8e9527e,src/lottolab/strategies/catalog.py@2db4da27aee716805c393eb9c7dd41aff8e9527e;blob=099f2a8c9ccbacc8306b2397c560bef413b24217;/Users/kelvin/VibeCoding-WorkSpace/.task-data/B649_STRATEGY_K_HISTORICAL_MATRIX_AUTHORITY_R1/strategy_universe.json;adapter=lottolab.strategies.adapters.biglotto_wave2:BigLottoAutoDiscoveryAdapter
legacy_biglotto__biglotto_2bet_final__7eaedb330a07,大樂透 雙注優化 V3 最終版（Top15+大號加強）,markov,v0.1,PORTFOLIO,2,1,YES_LOADABLE_PATH,lottolab.strategies.adapters.biglotto_wave3:BigLottoTwoBetFinalAdapter,YES_IF_SUCCESSFUL_NOT_TOTAL_FUNCTION,YES_IF_SUCCESSFUL_EXECUTION,HISTORY_LENGTH_SEEDED_FROZEN_STATISTICAL_PATH,local random.Random(len(causal_history)); some composed paths reuse this frozen statistical ticket,YES_PINNED_CATALOG,NO_CANONICAL_PUBLIC_OUTPUT,NO_CANONICAL_PUBLIC_OUTPUT,NO_CANONICAL_PUBLIC_OUTPUT,NO_CANONICAL_PUBLIC_OUTPUT,NONE_BASE_CONTRACT_ALWAYS_NONE,YES_SEALED_133_SURFACE,AVAILABLE_HISTORICAL_ONLY_OR_DERIVABLE;NOT_LIVE_PUBLIC_OUTPUT,NO_PORTFOLIO_ORDER_AGGREGATION_NOT_DEFINED,NO_GENERIC_FORWARD_OBSERVER_CONTRACT,R4 does not authorize this identity as a producer member and is not extensible without a new observer contract.,Executable path is source-faithful but not proven total for every causal target; strict ticket validation fails closed.,git:2db4da27aee716805c393eb9c7dd41aff8e9527e,src/lottolab/strategies/catalog.py@2db4da27aee716805c393eb9c7dd41aff8e9527e;blob=099f2a8c9ccbacc8306b2397c560bef413b24217;/Users/kelvin/VibeCoding-WorkSpace/.task-data/B649_STRATEGY_K_HISTORICAL_MATRIX_AUTHORITY_R1/strategy_universe.json;adapter=lottolab.strategies.adapters.biglotto_wave3:BigLottoTwoBetFinalAdapter
legacy_biglotto__biglotto_2bet_optimizer__898ac9e38876,大樂透 雙注覆蓋優化,deviation,v0.1,PORTFOLIO,2,1,YES_LOADABLE_PATH,lottolab.strategies.adapters.biglotto_wave3:BigLottoTwoBetOptimizerAdapter,YES_IF_SUCCESSFUL_NOT_TOTAL_FUNCTION,YES_IF_SUCCESSFUL_EXECUTION,HISTORY_LENGTH_SEEDED_FROZEN_STATISTICAL_PATH,local random.Random(len(causal_history)); some composed paths reuse this frozen statistical ticket,YES_PINNED_CATALOG,NO_CANONICAL_PUBLIC_OUTPUT,NO_CANONICAL_PUBLIC_OUTPUT,NO_CANONICAL_PUBLIC_OUTPUT,NO_CANONICAL_PUBLIC_OUTPUT,NONE_BASE_CONTRACT_ALWAYS_NONE,YES_SEALED_133_SURFACE,AVAILABLE_HISTORICAL_ONLY_OR_DERIVABLE;NOT_LIVE_PUBLIC_OUTPUT,NO_PORTFOLIO_ORDER_AGGREGATION_NOT_DEFINED,NO_GENERIC_FORWARD_OBSERVER_CONTRACT,R4 does not authorize this identity as a producer member and is not extensible without a new observer contract.,Executable path is source-faithful but not proven total for every causal target; strict ticket validation fails closed.,git:2db4da27aee716805c393eb9c7dd41aff8e9527e,src/lottolab/strategies/catalog.py@2db4da27aee716805c393eb9c7dd41aff8e9527e;blob=099f2a8c9ccbacc8306b2397c560bef413b24217;/Users/kelvin/VibeCoding-WorkSpace/.task-data/B649_STRATEGY_K_HISTORICAL_MATRIX_AUTHORITY_R1/strategy_universe.json;adapter=lottolab.strategies.adapters.biglotto_wave3:BigLottoTwoBetOptimizerAdapter
legacy_biglotto__biglotto_2bet_optimizer_v2__783226366ac3,大樂透 雙注覆蓋優化 V2,ML_like,v0.1,PORTFOLIO,2,1,YES_LOADABLE_PATH,lottolab.strategies.adapters.biglotto_wave3:BigLottoTwoBetOptimizerV2Adapter,YES_IF_SUCCESSFUL_NOT_TOTAL_FUNCTION,YES_IF_SUCCESSFUL_EXECUTION,HISTORY_LENGTH_SEEDED_FROZEN_STATISTICAL_PATH,local random.Random(len(causal_history)); some composed paths reuse this frozen statistical ticket,YES_PINNED_CATALOG,NO_CANONICAL_PUBLIC_OUTPUT,NO_CANONICAL_PUBLIC_OUTPUT,NO_CANONICAL_PUBLIC_OUTPUT,NO_CANONICAL_PUBLIC_OUTPUT,NONE_BASE_CONTRACT_ALWAYS_NONE,YES_SEALED_133_SURFACE,AVAILABLE_HISTORICAL_ONLY_OR_DERIVABLE;NOT_LIVE_PUBLIC_OUTPUT,NO_PORTFOLIO_ORDER_AGGREGATION_NOT_DEFINED,NO_GENERIC_FORWARD_OBSERVER_CONTRACT,R4 does not authorize this identity as a producer member and is not extensible without a new observer contract.,Executable path is source-faithful but not proven total for every causal target; strict ticket validation fails closed.,git:2db4da27aee716805c393eb9c7dd41aff8e9527e,src/lottolab/strategies/catalog.py@2db4da27aee716805c393eb9c7dd41aff8e9527e;blob=099f2a8c9ccbacc8306b2397c560bef413b24217;/Users/kelvin/VibeCoding-WorkSpace/.task-data/B649_STRATEGY_K_HISTORICAL_MATRIX_AUTHORITY_R1/strategy_universe.json;adapter=lottolab.strategies.adapters.biglotto_wave3:BigLottoTwoBetOptimizerV2Adapter
legacy_biglotto__biglotto_3bet_optimizer__2835d6cb20c5,大樂透三注智能組合預測器,deviation,v0.1,PORTFOLIO,3,1,YES_LOADABLE_PATH,lottolab.strategies.adapters.biglotto_wave4:BigLottoThreeBetOptimizerAdapter,YES_IF_SUCCESSFUL_NOT_TOTAL_FUNCTION,YES_IF_SUCCESSFUL_EXECUTION,HISTORY_LENGTH_SEEDED_FROZEN_STATISTICAL_PATH,local random.Random(len(causal_history)); some composed paths reuse this frozen statistical ticket,YES_PINNED_CATALOG,NO_CANONICAL_PUBLIC_OUTPUT,NO_CANONICAL_PUBLIC_OUTPUT,NO_CANONICAL_PUBLIC_OUTPUT,NO_CANONICAL_PUBLIC_OUTPUT,NONE_BASE_CONTRACT_ALWAYS_NONE,YES_SEALED_133_SURFACE,AVAILABLE_HISTORICAL_ONLY_OR_DERIVABLE;NOT_LIVE_PUBLIC_OUTPUT,NO_PORTFOLIO_ORDER_AGGREGATION_NOT_DEFINED,R4_FROZEN_COMPONENT_ONLY,Authorized only as one of four fixed producer members inside three frozen A-pair candidates; not a generic strategy or Cohort V2 observer contract.,Executable path is source-faithful but not proven total for every causal target; strict ticket validation fails closed.,git:2db4da27aee716805c393eb9c7dd41aff8e9527e,src/lottolab/strategies/catalog.py@2db4da27aee716805c393eb9c7dd41aff8e9527e;blob=099f2a8c9ccbacc8306b2397c560bef413b24217;/Users/kelvin/VibeCoding-WorkSpace/.task-data/B649_STRATEGY_K_HISTORICAL_MATRIX_AUTHORITY_R1/strategy_universe.json;adapter=lottolab.strategies.adapters.biglotto_wave4:BigLottoThreeBetOptimizerAdapter
legacy_biglotto__biglotto_tme_optimizer__62c6cb676bad,大樂透 TME 4注智能組合預測器,deviation,v0.1,PORTFOLIO,4,1,YES_LOADABLE_PATH,lottolab.strategies.adapters.biglotto_wave4:BigLottoTMEOptimizerAdapter,YES_IF_SUCCESSFUL_NOT_TOTAL_FUNCTION,YES_IF_SUCCESSFUL_EXECUTION,HISTORY_LENGTH_SEEDED_FROZEN_STATISTICAL_PATH,local random.Random(len(causal_history)); some composed paths reuse this frozen statistical ticket,YES_PINNED_CATALOG,NO_CANONICAL_PUBLIC_OUTPUT,NO_CANONICAL_PUBLIC_OUTPUT,NO_CANONICAL_PUBLIC_OUTPUT,NO_CANONICAL_PUBLIC_OUTPUT,NONE_BASE_CONTRACT_ALWAYS_NONE,YES_SEALED_133_SURFACE,AVAILABLE_HISTORICAL_ONLY_OR_DERIVABLE;NOT_LIVE_PUBLIC_OUTPUT,NO_PORTFOLIO_ORDER_AGGREGATION_NOT_DEFINED,NO_GENERIC_FORWARD_OBSERVER_CONTRACT,R4 does not authorize this identity as a producer member and is not extensible without a new observer contract.,Executable path is source-faithful but not proven total for every causal target; strict ticket validation fails closed.,git:2db4da27aee716805c393eb9c7dd41aff8e9527e,src/lottolab/strategies/catalog.py@2db4da27aee716805c393eb9c7dd41aff8e9527e;blob=099f2a8c9ccbacc8306b2397c560bef413b24217;/Users/kelvin/VibeCoding-WorkSpace/.task-data/B649_STRATEGY_K_HISTORICAL_MATRIX_AUTHORITY_R1/strategy_universe.json;adapter=lottolab.strategies.adapters.biglotto_wave4:BigLottoTMEOptimizerAdapter
legacy_biglotto__optimized_ensemble__e05e0fde22d7,ROI 優化集成預測器,ML_like,v0.1,SINGLE_TICKET,1,1,YES_LOADABLE_PATH,lottolab.strategies.adapters.biglotto_wave4:BigLottoOptimizedEnsembleAdapter,YES_IF_SUCCESSFUL_NOT_TOTAL_FUNCTION,YES_IF_SUCCESSFUL_EXECUTION,NO_LOAD_BEARING_RNG,NONE_DETERMINISTIC; public execution output carries no seed metadata,YES_PINNED_CATALOG,NO_CANONICAL_PUBLIC_OUTPUT,NO_CANONICAL_PUBLIC_OUTPUT,NO_CANONICAL_PUBLIC_OUTPUT,NO_CANONICAL_PUBLIC_OUTPUT,NONE_BASE_CONTRACT_ALWAYS_NONE,YES_SEALED_133_SURFACE,AVAILABLE_HISTORICAL_ONLY_OR_DERIVABLE;NOT_LIVE_PUBLIC_OUTPUT,YES_DIRECT_HISTORICAL,NO_GENERIC_FORWARD_OBSERVER_CONTRACT,R4 does not authorize this identity as a producer member and is not extensible without a new observer contract.,Executable path is source-faithful but not proven total for every causal target; strict ticket validation fails closed.,git:2db4da27aee716805c393eb9c7dd41aff8e9527e,src/lottolab/strategies/catalog.py@2db4da27aee716805c393eb9c7dd41aff8e9527e;blob=099f2a8c9ccbacc8306b2397c560bef413b24217;/Users/kelvin/VibeCoding-WorkSpace/.task-data/B649_STRATEGY_K_HISTORICAL_MATRIX_AUTHORITY_R1/strategy_universe.json;adapter=lottolab.strategies.adapters.biglotto_wave4:BigLottoOptimizedEnsembleAdapter
legacy_biglotto__predict_biglotto_115000007_2bets__3dc7842c0511,大樂透兩注精選預測器,frequency,v0.1,PORTFOLIO,2,1,YES_LOADABLE_PATH,lottolab.strategies.adapters.biglotto_wave4:BigLottoTwoBetElitePredictorAdapter,YES_IF_SUCCESSFUL_NOT_TOTAL_FUNCTION,YES_IF_SUCCESSFUL_EXECUTION,HISTORY_LENGTH_SEEDED_FROZEN_STATISTICAL_PATH,local random.Random(len(causal_history)); some composed paths reuse this frozen statistical ticket,YES_PINNED_CATALOG,NO_CANONICAL_PUBLIC_OUTPUT,NO_CANONICAL_PUBLIC_OUTPUT,NO_CANONICAL_PUBLIC_OUTPUT,NO_CANONICAL_PUBLIC_OUTPUT,NONE_BASE_CONTRACT_ALWAYS_NONE,YES_SEALED_133_SURFACE,AVAILABLE_HISTORICAL_ONLY_OR_DERIVABLE;NOT_LIVE_PUBLIC_OUTPUT,NO_PORTFOLIO_ORDER_AGGREGATION_NOT_DEFINED,NO_GENERIC_FORWARD_OBSERVER_CONTRACT,R4 does not authorize this identity as a producer member and is not extensible without a new observer contract.,Executable path is source-faithful but not proven total for every causal target; strict ticket validation fails closed.,git:2db4da27aee716805c393eb9c7dd41aff8e9527e,src/lottolab/strategies/catalog.py@2db4da27aee716805c393eb9c7dd41aff8e9527e;blob=099f2a8c9ccbacc8306b2397c560bef413b24217;/Users/kelvin/VibeCoding-WorkSpace/.task-data/B649_STRATEGY_K_HISTORICAL_MATRIX_AUTHORITY_R1/strategy_universe.json;adapter=lottolab.strategies.adapters.biglotto_wave4:BigLottoTwoBetElitePredictorAdapter
legacy_biglotto__predict_biglotto_6bets_cluster__1fd9e8a7ae2a,大樂透 Cluster Pivot 6注,utility,v0.1,PORTFOLIO,6,1,YES_LOADABLE_PATH,lottolab.strategies.adapters.biglotto_wave5:BigLottoSixBetClusterAdapter,YES_IF_SUCCESSFUL_NOT_TOTAL_FUNCTION,YES_IF_SUCCESSFUL_EXECUTION,NO_LOAD_BEARING_RNG,NONE_DETERMINISTIC; public execution output carries no seed metadata,YES_PINNED_CATALOG,NO_CANONICAL_PUBLIC_OUTPUT,NO_CANONICAL_PUBLIC_OUTPUT,NO_CANONICAL_PUBLIC_OUTPUT,NO_CANONICAL_PUBLIC_OUTPUT,NONE_BASE_CONTRACT_ALWAYS_NONE,YES_SEALED_133_SURFACE,AVAILABLE_HISTORICAL_ONLY_OR_DERIVABLE;NOT_LIVE_PUBLIC_OUTPUT,NO_PORTFOLIO_ORDER_AGGREGATION_NOT_DEFINED,NO_GENERIC_FORWARD_OBSERVER_CONTRACT,R4 does not authorize this identity as a producer member and is not extensible without a new observer contract.,Data-dependent closure possible from insufficient distinct centers or deduplicated undercount.,git:2db4da27aee716805c393eb9c7dd41aff8e9527e,src/lottolab/strategies/catalog.py@2db4da27aee716805c393eb9c7dd41aff8e9527e;blob=099f2a8c9ccbacc8306b2397c560bef413b24217;/Users/kelvin/VibeCoding-WorkSpace/.task-data/B649_STRATEGY_K_HISTORICAL_MATRIX_AUTHORITY_R1/strategy_universe.json;adapter=lottolab.strategies.adapters.biglotto_wave5:BigLottoSixBetClusterAdapter
legacy_biglotto__predict_biglotto_7bets_cluster__8f55b5d94669,大樂透 Cluster Pivot 7注,utility,v0.1,PORTFOLIO,7,1,YES_LOADABLE_PATH,lottolab.strategies.adapters.biglotto_wave5:BigLottoSevenBetClusterAdapter,YES_IF_SUCCESSFUL_NOT_TOTAL_FUNCTION,YES_IF_SUCCESSFUL_EXECUTION,NO_LOAD_BEARING_RNG,NONE_DETERMINISTIC; public execution output carries no seed metadata,YES_PINNED_CATALOG,NO_CANONICAL_PUBLIC_OUTPUT,NO_CANONICAL_PUBLIC_OUTPUT,NO_CANONICAL_PUBLIC_OUTPUT,NO_CANONICAL_PUBLIC_OUTPUT,NONE_BASE_CONTRACT_ALWAYS_NONE,YES_SEALED_133_SURFACE,AVAILABLE_HISTORICAL_ONLY_OR_DERIVABLE;NOT_LIVE_PUBLIC_OUTPUT,NO_PORTFOLIO_ORDER_AGGREGATION_NOT_DEFINED,NO_GENERIC_FORWARD_OBSERVER_CONTRACT,R4 does not authorize this identity as a producer member and is not extensible without a new observer contract.,Data-dependent closure possible from insufficient distinct centers or deduplicated undercount.,git:2db4da27aee716805c393eb9c7dd41aff8e9527e,src/lottolab/strategies/catalog.py@2db4da27aee716805c393eb9c7dd41aff8e9527e;blob=099f2a8c9ccbacc8306b2397c560bef413b24217;/Users/kelvin/VibeCoding-WorkSpace/.task-data/B649_STRATEGY_K_HISTORICAL_MATRIX_AUTHORITY_R1/strategy_universe.json;adapter=lottolab.strategies.adapters.biglotto_wave5:BigLottoSevenBetClusterAdapter
legacy_biglotto__predict_biglotto_echo_2bet__59c20b25b1fa,大樂透 Echo-Aware 偏差互補 2注,deviation,v0.1,PORTFOLIO,2,1,YES_LOADABLE_PATH,lottolab.strategies.adapters.biglotto_wave5:BigLottoEchoTwoBetAdapter,YES_IF_SUCCESSFUL_NOT_TOTAL_FUNCTION,YES_IF_SUCCESSFUL_EXECUTION,NO_LOAD_BEARING_RNG,NONE_DETERMINISTIC; public execution output carries no seed metadata,YES_PINNED_CATALOG,NO_CANONICAL_PUBLIC_OUTPUT,NO_CANONICAL_PUBLIC_OUTPUT,NO_CANONICAL_PUBLIC_OUTPUT,NO_CANONICAL_PUBLIC_OUTPUT,NONE_BASE_CONTRACT_ALWAYS_NONE,YES_SEALED_133_SURFACE,AVAILABLE_HISTORICAL_ONLY_OR_DERIVABLE;NOT_LIVE_PUBLIC_OUTPUT,NO_PORTFOLIO_ORDER_AGGREGATION_NOT_DEFINED,NO_GENERIC_FORWARD_OBSERVER_CONTRACT,R4 does not authorize this identity as a producer member and is not extensible without a new observer contract.,Executable path is source-faithful but not proven total for every causal target; strict ticket validation fails closed.,git:2db4da27aee716805c393eb9c7dd41aff8e9527e,src/lottolab/strategies/catalog.py@2db4da27aee716805c393eb9c7dd41aff8e9527e;blob=099f2a8c9ccbacc8306b2397c560bef413b24217;/Users/kelvin/VibeCoding-WorkSpace/.task-data/B649_STRATEGY_K_HISTORICAL_MATRIX_AUTHORITY_R1/strategy_universe.json;adapter=lottolab.strategies.adapters.biglotto_wave5:BigLottoEchoTwoBetAdapter
legacy_biglotto__predict_biglotto_elite7__eb46a9856446,大樂透 Elite-7 優化預測,deviation,v0.1,PORTFOLIO,7,1,YES_LOADABLE_PATH,lottolab.strategies.adapters.biglotto_wave5:BigLottoEliteSevenAdapter,YES_IF_SUCCESSFUL_NOT_TOTAL_FUNCTION,YES_IF_SUCCESSFUL_EXECUTION,HISTORY_LENGTH_SEEDED_FROZEN_STATISTICAL_PATH,local random.Random(len(causal_history)); some composed paths reuse this frozen statistical ticket,YES_PINNED_CATALOG,NO_CANONICAL_PUBLIC_OUTPUT,NO_CANONICAL_PUBLIC_OUTPUT,NO_CANONICAL_PUBLIC_OUTPUT,NO_CANONICAL_PUBLIC_OUTPUT,NONE_BASE_CONTRACT_ALWAYS_NONE,YES_SEALED_133_SURFACE,AVAILABLE_HISTORICAL_ONLY_OR_DERIVABLE;NOT_LIVE_PUBLIC_OUTPUT,NO_PORTFOLIO_ORDER_AGGREGATION_NOT_DEFINED,NO_GENERIC_FORWARD_OBSERVER_CONTRACT,R4 does not authorize this identity as a producer member and is not extensible without a new observer contract.,Executable path is source-faithful but not proven total for every causal target; strict ticket validation fails closed.,git:2db4da27aee716805c393eb9c7dd41aff8e9527e,src/lottolab/strategies/catalog.py@2db4da27aee716805c393eb9c7dd41aff8e9527e;blob=099f2a8c9ccbacc8306b2397c560bef413b24217;/Users/kelvin/VibeCoding-WorkSpace/.task-data/B649_STRATEGY_K_HISTORICAL_MATRIX_AUTHORITY_R1/strategy_universe.json;adapter=lottolab.strategies.adapters.biglotto_wave5:BigLottoEliteSevenAdapter
legacy_biglotto__research_variant_history__149648f9fffc,大樂透歷史窗口 11 變體研究組合,zone,v0.1,PORTFOLIO,11,20,YES_LOADABLE_PATH,lottolab.strategies.adapters.biglotto_wave5:BigLottoVariantHistoryAdapter,YES_IF_SUCCESSFUL_NOT_TOTAL_FUNCTION,YES_IF_SUCCESSFUL_EXECUTION,HISTORY_LENGTH_SEEDED_FROZEN_STATISTICAL_PATH,local random.Random(len(causal_history)); some composed paths reuse this frozen statistical ticket,YES_PINNED_CATALOG,NO_CANONICAL_PUBLIC_OUTPUT,NO_CANONICAL_PUBLIC_OUTPUT,NO_CANONICAL_PUBLIC_OUTPUT,NO_CANONICAL_PUBLIC_OUTPUT,NONE_BASE_CONTRACT_ALWAYS_NONE,YES_SEALED_133_SURFACE,AVAILABLE_HISTORICAL_ONLY_OR_DERIVABLE;NOT_LIVE_PUBLIC_OUTPUT,NO_PORTFOLIO_ORDER_AGGREGATION_NOT_DEFINED,NO_GENERIC_FORWARD_OBSERVER_CONTRACT,R4 does not authorize this identity as a producer member and is not extensible without a new observer contract.,Executable path is source-faithful but not proven total for every causal target; strict ticket validation fails closed.,git:2db4da27aee716805c393eb9c7dd41aff8e9527e,src/lottolab/strategies/catalog.py@2db4da27aee716805c393eb9c7dd41aff8e9527e;blob=099f2a8c9ccbacc8306b2397c560bef413b24217;/Users/kelvin/VibeCoding-WorkSpace/.task-data/B649_STRATEGY_K_HISTORICAL_MATRIX_AUTHORITY_R1/strategy_universe.json;adapter=lottolab.strategies.adapters.biglotto_wave5:BigLottoVariantHistoryAdapter
legacy_biglotto__auto_optimizer_alpha__7eaa9572e384,大樂透 Auto Optimizer Alpha（5方法×5窗口）,utility,v0.1,PORTFOLIO,25,1,YES_LOADABLE_PATH,lottolab.strategies.adapters.biglotto_wave6:BigLottoAutoOptimizerAlphaAdapter,YES_IF_SUCCESSFUL_NOT_TOTAL_FUNCTION,YES_IF_SUCCESSFUL_EXECUTION,NO_LOAD_BEARING_RNG,NONE_DETERMINISTIC; public execution output carries no seed metadata,YES_PINNED_CATALOG,NO_CANONICAL_PUBLIC_OUTPUT,NO_CANONICAL_PUBLIC_OUTPUT,NO_CANONICAL_PUBLIC_OUTPUT,NO_CANONICAL_PUBLIC_OUTPUT,NONE_BASE_CONTRACT_ALWAYS_NONE,YES_SEALED_133_SURFACE,AVAILABLE_HISTORICAL_ONLY_OR_DERIVABLE;NOT_LIVE_PUBLIC_OUTPUT,NO_PORTFOLIO_ORDER_AGGREGATION_NOT_DEFINED,NO_GENERIC_FORWARD_OBSERVER_CONTRACT,R4 does not authorize this identity as a producer member and is not extensible without a new observer contract.,Executable path is source-faithful but not proven total for every causal target; strict ticket validation fails closed.,git:2db4da27aee716805c393eb9c7dd41aff8e9527e,src/lottolab/strategies/catalog.py@2db4da27aee716805c393eb9c7dd41aff8e9527e;blob=099f2a8c9ccbacc8306b2397c560bef413b24217;/Users/kelvin/VibeCoding-WorkSpace/.task-data/B649_STRATEGY_K_HISTORICAL_MATRIX_AUTHORITY_R1/strategy_universe.json;adapter=lottolab.strategies.adapters.biglotto_wave6:BigLottoAutoOptimizerAlphaAdapter
legacy_biglotto__backtest_10bet_biglotto__054e85b088be,大樂透 10注 Unified＋EWMA 回測組合,utility,v0.1,PORTFOLIO,10,1,YES_LOADABLE_PATH,lottolab.strategies.adapters.biglotto_wave6:BigLottoTenBetBacktestAdapter,YES_IF_SUCCESSFUL_NOT_TOTAL_FUNCTION,YES_IF_SUCCESSFUL_EXECUTION,HISTORY_LENGTH_SEEDED_FROZEN_STATISTICAL_PATH,local random.Random(len(causal_history)); some composed paths reuse this frozen statistical ticket,YES_PINNED_CATALOG,NO_CANONICAL_PUBLIC_OUTPUT,NO_CANONICAL_PUBLIC_OUTPUT,NO_CANONICAL_PUBLIC_OUTPUT,NO_CANONICAL_PUBLIC_OUTPUT,NONE_BASE_CONTRACT_ALWAYS_NONE,YES_SEALED_133_SURFACE,AVAILABLE_HISTORICAL_ONLY_OR_DERIVABLE;NOT_LIVE_PUBLIC_OUTPUT,NO_PORTFOLIO_ORDER_AGGREGATION_NOT_DEFINED,NO_GENERIC_FORWARD_OBSERVER_CONTRACT,R4 does not authorize this identity as a producer member and is not extensible without a new observer contract.,Executable path is source-faithful but not proven total for every causal target; strict ticket validation fails closed.,git:2db4da27aee716805c393eb9c7dd41aff8e9527e,src/lottolab/strategies/catalog.py@2db4da27aee716805c393eb9c7dd41aff8e9527e;blob=099f2a8c9ccbacc8306b2397c560bef413b24217;/Users/kelvin/VibeCoding-WorkSpace/.task-data/B649_STRATEGY_K_HISTORICAL_MATRIX_AUTHORITY_R1/strategy_universe.json;adapter=lottolab.strategies.adapters.biglotto_wave6:BigLottoTenBetBacktestAdapter
legacy_biglotto__test_tme__f3bb5106dfe3,大樂透 TME 三方法獨立組合,utility,v0.1,PORTFOLIO,3,1,YES_LOADABLE_PATH,lottolab.strategies.adapters.biglotto_wave6:BigLottoTmeThreeAdapter,YES_IF_SUCCESSFUL_NOT_TOTAL_FUNCTION,YES_IF_SUCCESSFUL_EXECUTION,HISTORY_LENGTH_SEEDED_FROZEN_STATISTICAL_PATH,local random.Random(len(causal_history)); some composed paths reuse this frozen statistical ticket,YES_PINNED_CATALOG,NO_CANONICAL_PUBLIC_OUTPUT,NO_CANONICAL_PUBLIC_OUTPUT,NO_CANONICAL_PUBLIC_OUTPUT,NO_CANONICAL_PUBLIC_OUTPUT,NONE_BASE_CONTRACT_ALWAYS_NONE,YES_SEALED_133_SURFACE,AVAILABLE_HISTORICAL_ONLY_OR_DERIVABLE;NOT_LIVE_PUBLIC_OUTPUT,NO_PORTFOLIO_ORDER_AGGREGATION_NOT_DEFINED,R4_FROZEN_COMPONENT_ONLY,Authorized only as one of four fixed producer members inside three frozen A-pair candidates; not a generic strategy or Cohort V2 observer contract.,Executable path is source-faithful but not proven total for every causal target; strict ticket validation fails closed.,git:2db4da27aee716805c393eb9c7dd41aff8e9527e,src/lottolab/strategies/catalog.py@2db4da27aee716805c393eb9c7dd41aff8e9527e;blob=099f2a8c9ccbacc8306b2397c560bef413b24217;/Users/kelvin/VibeCoding-WorkSpace/.task-data/B649_STRATEGY_K_HISTORICAL_MATRIX_AUTHORITY_R1/strategy_universe.json;adapter=lottolab.strategies.adapters.biglotto_wave6:BigLottoTmeThreeAdapter
legacy_biglotto__verify_gemini_2bet_claim__d5ca233aa776,大樂透 Gemini V1 雙注驗證組合,deviation,v0.1,PORTFOLIO,2,50,YES_LOADABLE_PATH,lottolab.strategies.adapters.biglotto_wave6:BigLottoGeminiTwoBetVerifierAdapter,YES_IF_SUCCESSFUL_NOT_TOTAL_FUNCTION,YES_IF_SUCCESSFUL_EXECUTION,HISTORY_LENGTH_SEEDED_FROZEN_STATISTICAL_PATH,local random.Random(len(causal_history)); some composed paths reuse this frozen statistical ticket,YES_PINNED_CATALOG,NO_CANONICAL_PUBLIC_OUTPUT,NO_CANONICAL_PUBLIC_OUTPUT,NO_CANONICAL_PUBLIC_OUTPUT,NO_CANONICAL_PUBLIC_OUTPUT,NONE_BASE_CONTRACT_ALWAYS_NONE,YES_SEALED_133_SURFACE,AVAILABLE_HISTORICAL_ONLY_OR_DERIVABLE;NOT_LIVE_PUBLIC_OUTPUT,NO_PORTFOLIO_ORDER_AGGREGATION_NOT_DEFINED,NO_GENERIC_FORWARD_OBSERVER_CONTRACT,R4 does not authorize this identity as a producer member and is not extensible without a new observer contract.,Executable path is source-faithful but not proven total for every causal target; strict ticket validation fails closed.,git:2db4da27aee716805c393eb9c7dd41aff8e9527e,src/lottolab/strategies/catalog.py@2db4da27aee716805c393eb9c7dd41aff8e9527e;blob=099f2a8c9ccbacc8306b2397c560bef413b24217;/Users/kelvin/VibeCoding-WorkSpace/.task-data/B649_STRATEGY_K_HISTORICAL_MATRIX_AUTHORITY_R1/strategy_universe.json;adapter=lottolab.strategies.adapters.biglotto_wave6:BigLottoGeminiTwoBetVerifierAdapter
legacy_biglotto__predict_5me_115000004__8a1c06ce1bdd,大樂透 5ME 五方法獨立組合,hot_cold,v0.1,PORTFOLIO,5,1,YES_LOADABLE_PATH,lottolab.strategies.adapters.biglotto_wave7:BigLottoFiveMeAdapter,YES_IF_SUCCESSFUL_NOT_TOTAL_FUNCTION,YES_IF_SUCCESSFUL_EXECUTION,HISTORY_LENGTH_SEEDED_FROZEN_STATISTICAL_PATH,local random.Random(len(causal_history)); some composed paths reuse this frozen statistical ticket,YES_PINNED_CATALOG,NO_CANONICAL_PUBLIC_OUTPUT,NO_CANONICAL_PUBLIC_OUTPUT,NO_CANONICAL_PUBLIC_OUTPUT,NO_CANONICAL_PUBLIC_OUTPUT,NONE_BASE_CONTRACT_ALWAYS_NONE,YES_SEALED_133_SURFACE,AVAILABLE_HISTORICAL_ONLY_OR_DERIVABLE;NOT_LIVE_PUBLIC_OUTPUT,NO_PORTFOLIO_ORDER_AGGREGATION_NOT_DEFINED,NO_GENERIC_FORWARD_OBSERVER_CONTRACT,R4 does not authorize this identity as a producer member and is not extensible without a new observer contract.,Executable path is source-faithful but not proven total for every causal target; strict ticket validation fails closed.,git:2db4da27aee716805c393eb9c7dd41aff8e9527e,src/lottolab/strategies/catalog.py@2db4da27aee716805c393eb9c7dd41aff8e9527e;blob=099f2a8c9ccbacc8306b2397c560bef413b24217;/Users/kelvin/VibeCoding-WorkSpace/.task-data/B649_STRATEGY_K_HISTORICAL_MATRIX_AUTHORITY_R1/strategy_universe.json;adapter=lottolab.strategies.adapters.biglotto_wave7:BigLottoFiveMeAdapter
legacy_biglotto__predict_big_lotto_smart_2bet__7acdaab1bd0a,大樂透 Smart 2-Bet 頻率偏差互補組合,frequency,v0.1,PORTFOLIO,2,1,YES_LOADABLE_PATH,lottolab.strategies.adapters.biglotto_wave7:BigLottoSmartTwoBetAdapter,YES_IF_SUCCESSFUL_NOT_TOTAL_FUNCTION,YES_IF_SUCCESSFUL_EXECUTION,NO_LOAD_BEARING_RNG,NONE_DETERMINISTIC; public execution output carries no seed metadata,YES_PINNED_CATALOG,NO_CANONICAL_PUBLIC_OUTPUT,NO_CANONICAL_PUBLIC_OUTPUT,NO_CANONICAL_PUBLIC_OUTPUT,NO_CANONICAL_PUBLIC_OUTPUT,NONE_BASE_CONTRACT_ALWAYS_NONE,YES_SEALED_133_SURFACE,AVAILABLE_HISTORICAL_ONLY_OR_DERIVABLE;NOT_LIVE_PUBLIC_OUTPUT,NO_PORTFOLIO_ORDER_AGGREGATION_NOT_DEFINED,NO_GENERIC_FORWARD_OBSERVER_CONTRACT,R4 does not authorize this identity as a producer member and is not extensible without a new observer contract.,Executable path is source-faithful but not proven total for every causal target; strict ticket validation fails closed.,git:2db4da27aee716805c393eb9c7dd41aff8e9527e,src/lottolab/strategies/catalog.py@2db4da27aee716805c393eb9c7dd41aff8e9527e;blob=099f2a8c9ccbacc8306b2397c560bef413b24217;/Users/kelvin/VibeCoding-WorkSpace/.task-data/B649_STRATEGY_K_HISTORICAL_MATRIX_AUTHORITY_R1/strategy_universe.json;adapter=lottolab.strategies.adapters.biglotto_wave7:BigLottoSmartTwoBetAdapter
legacy_biglotto__verify_gemini_phase2_claim__6407a8f39519,大樂透 Gemini Phase 2 七方法驗證組合,frequency,v0.1,PORTFOLIO,7,100,YES_LOADABLE_PATH,lottolab.strategies.adapters.biglotto_wave7:BigLottoGeminiPhaseTwoVerifierAdapter,YES_IF_SUCCESSFUL_NOT_TOTAL_FUNCTION,YES_IF_SUCCESSFUL_EXECUTION,NO_LOAD_BEARING_RNG,NONE_DETERMINISTIC; public execution output carries no seed metadata,YES_PINNED_CATALOG,NO_CANONICAL_PUBLIC_OUTPUT,NO_CANONICAL_PUBLIC_OUTPUT,NO_CANONICAL_PUBLIC_OUTPUT,NO_CANONICAL_PUBLIC_OUTPUT,NONE_BASE_CONTRACT_ALWAYS_NONE,YES_SEALED_133_SURFACE,AVAILABLE_HISTORICAL_ONLY_OR_DERIVABLE;NOT_LIVE_PUBLIC_OUTPUT,NO_PORTFOLIO_ORDER_AGGREGATION_NOT_DEFINED,NO_GENERIC_FORWARD_OBSERVER_CONTRACT,R4 does not authorize this identity as a producer member and is not extensible without a new observer contract.,Executable path is source-faithful but not proven total for every causal target; strict ticket validation fails closed.,git:2db4da27aee716805c393eb9c7dd41aff8e9527e,src/lottolab/strategies/catalog.py@2db4da27aee716805c393eb9c7dd41aff8e9527e;blob=099f2a8c9ccbacc8306b2397c560bef413b24217;/Users/kelvin/VibeCoding-WorkSpace/.task-data/B649_STRATEGY_K_HISTORICAL_MATRIX_AUTHORITY_R1/strategy_universe.json;adapter=lottolab.strategies.adapters.biglotto_wave7:BigLottoGeminiPhaseTwoVerifierAdapter
legacy_biglotto__attention_replay_predictor__a811e2eb8215,大樂透 Attention Replay 15期加權頻率,ML_like,v0.1,SINGLE_TICKET,1,1,YES_LOADABLE_PATH,lottolab.strategies.adapters.biglotto_wave7:BigLottoAttentionReplayAdapter,YES_IF_SUCCESSFUL_NOT_TOTAL_FUNCTION,YES_IF_SUCCESSFUL_EXECUTION,NO_LOAD_BEARING_RNG,NONE_DETERMINISTIC; public execution output carries no seed metadata,YES_PINNED_CATALOG,NO_CANONICAL_PUBLIC_OUTPUT,NO_CANONICAL_PUBLIC_OUTPUT,NO_CANONICAL_PUBLIC_OUTPUT,NO_CANONICAL_PUBLIC_OUTPUT,NONE_BASE_CONTRACT_ALWAYS_NONE,YES_SEALED_133_SURFACE,AVAILABLE_HISTORICAL_ONLY_OR_DERIVABLE;NOT_LIVE_PUBLIC_OUTPUT,YES_DIRECT_HISTORICAL,NO_GENERIC_FORWARD_OBSERVER_CONTRACT,R4 does not authorize this identity as a producer member and is not extensible without a new observer contract.,Executable path is source-faithful but not proven total for every causal target; strict ticket validation fails closed.,git:2db4da27aee716805c393eb9c7dd41aff8e9527e,src/lottolab/strategies/catalog.py@2db4da27aee716805c393eb9c7dd41aff8e9527e;blob=099f2a8c9ccbacc8306b2397c560bef413b24217;/Users/kelvin/VibeCoding-WorkSpace/.task-data/B649_STRATEGY_K_HISTORICAL_MATRIX_AUTHORITY_R1/strategy_universe.json;adapter=lottolab.strategies.adapters.biglotto_wave7:BigLottoAttentionReplayAdapter
legacy_biglotto__predict_biglotto_115000002_zone_balance__8febca575f5d,大樂透 Zone Balance 500 五位置組合,zone,v0.1,PORTFOLIO,5,1,YES_LOADABLE_PATH,lottolab.strategies.adapters.biglotto_wave7:BigLottoZoneBalanceFiveAdapter,YES_IF_SUCCESSFUL_NOT_TOTAL_FUNCTION,YES_IF_SUCCESSFUL_EXECUTION,NO_LOAD_BEARING_RNG,NONE_DETERMINISTIC; public execution output carries no seed metadata,YES_PINNED_CATALOG,NO_CANONICAL_PUBLIC_OUTPUT,NO_CANONICAL_PUBLIC_OUTPUT,NO_CANONICAL_PUBLIC_OUTPUT,NO_CANONICAL_PUBLIC_OUTPUT,NONE_BASE_CONTRACT_ALWAYS_NONE,YES_SEALED_133_SURFACE,AVAILABLE_HISTORICAL_ONLY_OR_DERIVABLE;NOT_LIVE_PUBLIC_OUTPUT,NO_PORTFOLIO_ORDER_AGGREGATION_NOT_DEFINED,NO_GENERIC_FORWARD_OBSERVER_CONTRACT,R4 does not authorize this identity as a producer member and is not extensible without a new observer contract.,Executable path is source-faithful but not proven total for every causal target; strict ticket validation fails closed.,git:2db4da27aee716805c393eb9c7dd41aff8e9527e,src/lottolab/strategies/catalog.py@2db4da27aee716805c393eb9c7dd41aff8e9527e;blob=099f2a8c9ccbacc8306b2397c560bef413b24217;/Users/kelvin/VibeCoding-WorkSpace/.task-data/B649_STRATEGY_K_HISTORICAL_MATRIX_AUTHORITY_R1/strategy_universe.json;adapter=lottolab.strategies.adapters.biglotto_wave7:BigLottoZoneBalanceFiveAdapter
legacy_biglotto__test_ces__78d17c530ab8,大樂透 CES 約束菁英取樣三注,utility,v0.1,PORTFOLIO,3,1,YES_LOADABLE_PATH,lottolab.strategies.adapters.biglotto_wave8:BigLottoCesThreeAdapter,YES_IF_SUCCESSFUL_NOT_TOTAL_FUNCTION,YES_IF_SUCCESSFUL_EXECUTION,HISTORY_LENGTH_SEEDED_FROZEN_STATISTICAL_PATH,local random.Random(len(causal_history)); some composed paths reuse this frozen statistical ticket,YES_PINNED_CATALOG,NO_CANONICAL_PUBLIC_OUTPUT,NO_CANONICAL_PUBLIC_OUTPUT,NO_CANONICAL_PUBLIC_OUTPUT,NO_CANONICAL_PUBLIC_OUTPUT,NONE_BASE_CONTRACT_ALWAYS_NONE,YES_SEALED_133_SURFACE,AVAILABLE_HISTORICAL_ONLY_OR_DERIVABLE;NOT_LIVE_PUBLIC_OUTPUT,NO_PORTFOLIO_ORDER_AGGREGATION_NOT_DEFINED,NO_GENERIC_FORWARD_OBSERVER_CONTRACT,R4 does not authorize this identity as a producer member and is not extensible without a new observer contract.,Executable path is source-faithful but not proven total for every causal target; strict ticket validation fails closed.,git:2db4da27aee716805c393eb9c7dd41aff8e9527e,src/lottolab/strategies/catalog.py@2db4da27aee716805c393eb9c7dd41aff8e9527e;blob=099f2a8c9ccbacc8306b2397c560bef413b24217;/Users/kelvin/VibeCoding-WorkSpace/.task-data/B649_STRATEGY_K_HISTORICAL_MATRIX_AUTHORITY_R1/strategy_universe.json;adapter=lottolab.strategies.adapters.biglotto_wave8:BigLottoCesThreeAdapter
legacy_biglotto__test_dms__b63442289bd5,大樂透 DMS 動態方法選擇三注,utility,v0.1,PORTFOLIO,3,20,YES_LOADABLE_PATH,lottolab.strategies.adapters.biglotto_wave8:BigLottoDmsThreeAdapter,YES_IF_SUCCESSFUL_NOT_TOTAL_FUNCTION,YES_IF_SUCCESSFUL_EXECUTION,HISTORY_LENGTH_SEEDED_FROZEN_STATISTICAL_PATH,local random.Random(len(causal_history)); some composed paths reuse this frozen statistical ticket,YES_PINNED_CATALOG,NO_CANONICAL_PUBLIC_OUTPUT,NO_CANONICAL_PUBLIC_OUTPUT,NO_CANONICAL_PUBLIC_OUTPUT,NO_CANONICAL_PUBLIC_OUTPUT,NONE_BASE_CONTRACT_ALWAYS_NONE,YES_SEALED_133_SURFACE,AVAILABLE_HISTORICAL_ONLY_OR_DERIVABLE;NOT_LIVE_PUBLIC_OUTPUT,NO_PORTFOLIO_ORDER_AGGREGATION_NOT_DEFINED,NO_GENERIC_FORWARD_OBSERVER_CONTRACT,R4 does not authorize this identity as a producer member and is not extensible without a new observer contract.,Executable path is source-faithful but not proven total for every causal target; strict ticket validation fails closed.,git:2db4da27aee716805c393eb9c7dd41aff8e9527e,src/lottolab/strategies/catalog.py@2db4da27aee716805c393eb9c7dd41aff8e9527e;blob=099f2a8c9ccbacc8306b2397c560bef413b24217;/Users/kelvin/VibeCoding-WorkSpace/.task-data/B649_STRATEGY_K_HISTORICAL_MATRIX_AUTHORITY_R1/strategy_universe.json;adapter=lottolab.strategies.adapters.biglotto_wave8:BigLottoDmsThreeAdapter
legacy_biglotto__test_greedy_optimizer__82df7f878ece,大樂透 Greedy 約束最佳化三注,utility,v0.1,PORTFOLIO,3,1,YES_LOADABLE_PATH,lottolab.strategies.adapters.biglotto_wave8:BigLottoGreedyThreeAdapter,YES_IF_SUCCESSFUL_NOT_TOTAL_FUNCTION,YES_IF_SUCCESSFUL_EXECUTION,HISTORY_LENGTH_SEEDED_FROZEN_STATISTICAL_PATH,local random.Random(len(causal_history)); some composed paths reuse this frozen statistical ticket,YES_PINNED_CATALOG,NO_CANONICAL_PUBLIC_OUTPUT,NO_CANONICAL_PUBLIC_OUTPUT,NO_CANONICAL_PUBLIC_OUTPUT,NO_CANONICAL_PUBLIC_OUTPUT,NONE_BASE_CONTRACT_ALWAYS_NONE,YES_SEALED_133_SURFACE,AVAILABLE_HISTORICAL_ONLY_OR_DERIVABLE;NOT_LIVE_PUBLIC_OUTPUT,NO_PORTFOLIO_ORDER_AGGREGATION_NOT_DEFINED,R4_FROZEN_COMPONENT_ONLY,Authorized only as one of four fixed producer members inside three frozen A-pair candidates; not a generic strategy or Cohort V2 observer contract.,Executable path is source-faithful but not proven total for every causal target; strict ticket validation fails closed.,git:2db4da27aee716805c393eb9c7dd41aff8e9527e,src/lottolab/strategies/catalog.py@2db4da27aee716805c393eb9c7dd41aff8e9527e;blob=099f2a8c9ccbacc8306b2397c560bef413b24217;/Users/kelvin/VibeCoding-WorkSpace/.task-data/B649_STRATEGY_K_HISTORICAL_MATRIX_AUTHORITY_R1/strategy_universe.json;adapter=lottolab.strategies.adapters.biglotto_wave8:BigLottoGreedyThreeAdapter
legacy_biglotto__test_mwsc__ba37643d6a3b,大樂透 MWSC 多視窗共識三注,utility,v0.1,PORTFOLIO,3,1,YES_LOADABLE_PATH,lottolab.strategies.adapters.biglotto_wave8:BigLottoMwscThreeAdapter,YES_IF_SUCCESSFUL_NOT_TOTAL_FUNCTION,YES_IF_SUCCESSFUL_EXECUTION,HISTORY_LENGTH_SEEDED_FROZEN_STATISTICAL_PATH,local random.Random(len(causal_history)); some composed paths reuse this frozen statistical ticket,YES_PINNED_CATALOG,NO_CANONICAL_PUBLIC_OUTPUT,NO_CANONICAL_PUBLIC_OUTPUT,NO_CANONICAL_PUBLIC_OUTPUT,NO_CANONICAL_PUBLIC_OUTPUT,NONE_BASE_CONTRACT_ALWAYS_NONE,YES_SEALED_133_SURFACE,AVAILABLE_HISTORICAL_ONLY_OR_DERIVABLE;NOT_LIVE_PUBLIC_OUTPUT,NO_PORTFOLIO_ORDER_AGGREGATION_NOT_DEFINED,NO_GENERIC_FORWARD_OBSERVER_CONTRACT,R4 does not authorize this identity as a producer member and is not extensible without a new observer contract.,Executable path is source-faithful but not proven total for every causal target; strict ticket validation fails closed.,git:2db4da27aee716805c393eb9c7dd41aff8e9527e,src/lottolab/strategies/catalog.py@2db4da27aee716805c393eb9c7dd41aff8e9527e;blob=099f2a8c9ccbacc8306b2397c560bef413b24217;/Users/kelvin/VibeCoding-WorkSpace/.task-data/B649_STRATEGY_K_HISTORICAL_MATRIX_AUTHORITY_R1/strategy_universe.json;adapter=lottolab.strategies.adapters.biglotto_wave8:BigLottoMwscThreeAdapter
legacy_biglotto__test_cag__7ca5343dfedd,大樂透 CAG 共現錨點分組三注,utility,v0.1,PORTFOLIO,3,1,YES_LOADABLE_PATH,lottolab.strategies.adapters.biglotto_wave9:BigLottoCagAdapter,YES_IF_SUCCESSFUL_NOT_TOTAL_FUNCTION,YES_IF_SUCCESSFUL_EXECUTION,HISTORY_LENGTH_SEEDED_FROZEN_STATISTICAL_PATH,local random.Random(len(causal_history)); some composed paths reuse this frozen statistical ticket,YES_PINNED_CATALOG,NO_CANONICAL_PUBLIC_OUTPUT,NO_CANONICAL_PUBLIC_OUTPUT,NO_CANONICAL_PUBLIC_OUTPUT,NO_CANONICAL_PUBLIC_OUTPUT,NONE_BASE_CONTRACT_ALWAYS_NONE,YES_SEALED_133_SURFACE,AVAILABLE_HISTORICAL_ONLY_OR_DERIVABLE;NOT_LIVE_PUBLIC_OUTPUT,NO_PORTFOLIO_ORDER_AGGREGATION_NOT_DEFINED,NO_GENERIC_FORWARD_OBSERVER_CONTRACT,R4 does not authorize this identity as a producer member and is not extensible without a new observer contract.,Data-dependent closure possible when the companion pool is too short.,git:2db4da27aee716805c393eb9c7dd41aff8e9527e,src/lottolab/strategies/catalog.py@2db4da27aee716805c393eb9c7dd41aff8e9527e;blob=099f2a8c9ccbacc8306b2397c560bef413b24217;/Users/kelvin/VibeCoding-WorkSpace/.task-data/B649_STRATEGY_K_HISTORICAL_MATRIX_AUTHORITY_R1/strategy_universe.json;adapter=lottolab.strategies.adapters.biglotto_wave9:BigLottoCagAdapter
legacy_biglotto__test_cluster_cover__5b43959e7c55,大樂透 Cluster-Cover 共現分群三注,utility,v0.1,PORTFOLIO,3,1,YES_LOADABLE_PATH,lottolab.strategies.adapters.biglotto_wave9:BigLottoClusterCoverAdapter,YES_IF_SUCCESSFUL_NOT_TOTAL_FUNCTION,YES_IF_SUCCESSFUL_EXECUTION,HISTORY_LENGTH_SEEDED_FROZEN_STATISTICAL_PATH,local random.Random(len(causal_history)); some composed paths reuse this frozen statistical ticket,YES_PINNED_CATALOG,NO_CANONICAL_PUBLIC_OUTPUT,NO_CANONICAL_PUBLIC_OUTPUT,NO_CANONICAL_PUBLIC_OUTPUT,NO_CANONICAL_PUBLIC_OUTPUT,NONE_BASE_CONTRACT_ALWAYS_NONE,YES_SEALED_133_SURFACE,AVAILABLE_HISTORICAL_ONLY_OR_DERIVABLE;NOT_LIVE_PUBLIC_OUTPUT,NO_PORTFOLIO_ORDER_AGGREGATION_NOT_DEFINED,NO_GENERIC_FORWARD_OBSERVER_CONTRACT,R4 does not authorize this identity as a producer member and is not extensible without a new observer contract.,Data-dependent short-ticket closure; source audit recorded historical closures.,git:2db4da27aee716805c393eb9c7dd41aff8e9527e,src/lottolab/strategies/catalog.py@2db4da27aee716805c393eb9c7dd41aff8e9527e;blob=099f2a8c9ccbacc8306b2397c560bef413b24217;/Users/kelvin/VibeCoding-WorkSpace/.task-data/B649_STRATEGY_K_HISTORICAL_MATRIX_AUTHORITY_R1/strategy_universe.json;adapter=lottolab.strategies.adapters.biglotto_wave9:BigLottoClusterCoverAdapter
legacy_biglotto__test_zdp__e80cc7e95453,大樂透 ZDP 區域密度保護三注,utility,v0.1,PORTFOLIO,3,1,YES_LOADABLE_PATH,lottolab.strategies.adapters.biglotto_wave9:BigLottoZdpAdapter,YES_IF_SUCCESSFUL_NOT_TOTAL_FUNCTION,YES_IF_SUCCESSFUL_EXECUTION,HISTORY_LENGTH_SEEDED_FROZEN_STATISTICAL_PATH,local random.Random(len(causal_history)); some composed paths reuse this frozen statistical ticket,YES_PINNED_CATALOG,NO_CANONICAL_PUBLIC_OUTPUT,NO_CANONICAL_PUBLIC_OUTPUT,NO_CANONICAL_PUBLIC_OUTPUT,NO_CANONICAL_PUBLIC_OUTPUT,NONE_BASE_CONTRACT_ALWAYS_NONE,YES_SEALED_133_SURFACE,AVAILABLE_HISTORICAL_ONLY_OR_DERIVABLE;NOT_LIVE_PUBLIC_OUTPUT,NO_PORTFOLIO_ORDER_AGGREGATION_NOT_DEFINED,R4_FROZEN_COMPONENT_ONLY,Authorized only as one of four fixed producer members inside three frozen A-pair candidates; not a generic strategy or Cohort V2 observer contract.,Seed-42 fallback may duplicate; it also mutates the global RNG before immediate deterministic use.,git:2db4da27aee716805c393eb9c7dd41aff8e9527e,src/lottolab/strategies/catalog.py@2db4da27aee716805c393eb9c7dd41aff8e9527e;blob=099f2a8c9ccbacc8306b2397c560bef413b24217;/Users/kelvin/VibeCoding-WorkSpace/.task-data/B649_STRATEGY_K_HISTORICAL_MATRIX_AUTHORITY_R1/strategy_universe.json;adapter=lottolab.strategies.adapters.biglotto_wave9:BigLottoZdpAdapter
legacy_biglotto__enhanced_dual_bet_predictor__d5b3de348d01,大樂透增強型雙注預測,zone,v0.1,PORTFOLIO,2,100,YES_LOADABLE_PATH,lottolab.strategies.adapters.biglotto_wave10:BigLottoEnhancedDualBetAdapter,YES_IF_SUCCESSFUL_NOT_TOTAL_FUNCTION,YES_IF_SUCCESSFUL_EXECUTION,NO_LOAD_BEARING_RNG,NONE_DETERMINISTIC; public execution output carries no seed metadata,YES_PINNED_CATALOG,NO_CANONICAL_PUBLIC_OUTPUT,NO_CANONICAL_PUBLIC_OUTPUT,NO_CANONICAL_PUBLIC_OUTPUT,NO_CANONICAL_PUBLIC_OUTPUT,NONE_BASE_CONTRACT_ALWAYS_NONE,YES_SEALED_133_SURFACE,AVAILABLE_HISTORICAL_ONLY_OR_DERIVABLE;NOT_LIVE_PUBLIC_OUTPUT,NO_PORTFOLIO_ORDER_AGGREGATION_NOT_DEFINED,NO_GENERIC_FORWARD_OBSERVER_CONTRACT,R4 does not authorize this identity as a producer member and is not extensible without a new observer contract.,Executable path is source-faithful but not proven total for every causal target; strict ticket validation fails closed.,git:2db4da27aee716805c393eb9c7dd41aff8e9527e,src/lottolab/strategies/catalog.py@2db4da27aee716805c393eb9c7dd41aff8e9527e;blob=099f2a8c9ccbacc8306b2397c560bef413b24217;/Users/kelvin/VibeCoding-WorkSpace/.task-data/B649_STRATEGY_K_HISTORICAL_MATRIX_AUTHORITY_R1/strategy_universe.json;adapter=lottolab.strategies.adapters.biglotto_wave10:BigLottoEnhancedDualBetAdapter
legacy_biglotto__biglotto_diversified_ensemble_v6__8caaac8fcb5d,大樂透多樣化集成 V6,ML_like,v0.1,PORTFOLIO,3,1,YES_LOADABLE_PATH,lottolab.strategies.adapters.biglotto_wave10:BigLottoDiversifiedEnsembleV6Adapter,YES_IF_SUCCESSFUL_NOT_TOTAL_FUNCTION,YES_IF_SUCCESSFUL_EXECUTION,FIXED_LOCAL_SEED_42,local random.Random(42) per call,YES_PINNED_CATALOG,NO_CANONICAL_PUBLIC_OUTPUT,NO_CANONICAL_PUBLIC_OUTPUT,NO_CANONICAL_PUBLIC_OUTPUT,NO_CANONICAL_PUBLIC_OUTPUT,NONE_BASE_CONTRACT_ALWAYS_NONE,YES_SEALED_133_SURFACE,AVAILABLE_HISTORICAL_ONLY_OR_DERIVABLE;NOT_LIVE_PUBLIC_OUTPUT,NO_PORTFOLIO_ORDER_AGGREGATION_NOT_DEFINED,NO_GENERIC_FORWARD_OBSERVER_CONTRACT,R4 does not authorize this identity as a producer member and is not extensible without a new observer contract.,Executable path is source-faithful but not proven total for every causal target; strict ticket validation fails closed.,git:2db4da27aee716805c393eb9c7dd41aff8e9527e,src/lottolab/strategies/catalog.py@2db4da27aee716805c393eb9c7dd41aff8e9527e;blob=099f2a8c9ccbacc8306b2397c560bef413b24217;/Users/kelvin/VibeCoding-WorkSpace/.task-data/B649_STRATEGY_K_HISTORICAL_MATRIX_AUTHORITY_R1/strategy_universe.json;adapter=lottolab.strategies.adapters.biglotto_wave10:BigLottoDiversifiedEnsembleV6Adapter
legacy_biglotto__backtest_strategy_1__41ed79a6de62,大樂透後置殺號回測策略一,utility,v0.1,PORTFOLIO,2,1,YES_LOADABLE_PATH,lottolab.strategies.adapters.biglotto_wave10:BigLottoBacktestStrategy1Adapter,YES_IF_SUCCESSFUL_NOT_TOTAL_FUNCTION,YES_IF_SUCCESSFUL_EXECUTION,NO_LOAD_BEARING_RNG,NONE_DETERMINISTIC; public execution output carries no seed metadata,YES_PINNED_CATALOG,NO_CANONICAL_PUBLIC_OUTPUT,NO_CANONICAL_PUBLIC_OUTPUT,NO_CANONICAL_PUBLIC_OUTPUT,NO_CANONICAL_PUBLIC_OUTPUT,NONE_BASE_CONTRACT_ALWAYS_NONE,YES_SEALED_133_SURFACE,AVAILABLE_HISTORICAL_ONLY_OR_DERIVABLE;NOT_LIVE_PUBLIC_OUTPUT,NO_PORTFOLIO_ORDER_AGGREGATION_NOT_DEFINED,NO_GENERIC_FORWARD_OBSERVER_CONTRACT,R4 does not authorize this identity as a producer member and is not extensible without a new observer contract.,Executable path is source-faithful but not proven total for every causal target; strict ticket validation fails closed.,git:2db4da27aee716805c393eb9c7dd41aff8e9527e,src/lottolab/strategies/catalog.py@2db4da27aee716805c393eb9c7dd41aff8e9527e;blob=099f2a8c9ccbacc8306b2397c560bef413b24217;/Users/kelvin/VibeCoding-WorkSpace/.task-data/B649_STRATEGY_K_HISTORICAL_MATRIX_AUTHORITY_R1/strategy_universe.json;adapter=lottolab.strategies.adapters.biglotto_wave10:BigLottoBacktestStrategy1Adapter
legacy_biglotto__core_satellite__611284461323,大樂透 Core-Satellite（隨機原生3注）,unknown,v0.1,PORTFOLIO,3,1,YES_LOADABLE_PATH,lottolab.strategies.adapters.biglotto_wave11:BigLottoCoreSatelliteRandomNativeAdapter,YES_IF_SUCCESSFUL_NOT_TOTAL_FUNCTION,YES_IF_SUCCESSFUL_EXECUTION,SHA256_REQUEST_HISTORY_SEEDED_CPYTHON_MT19937,SHA-256 protocol over method/source/synthesized next-target/replicate/user seed; CPython MT19937,YES_PINNED_CATALOG,NO_CANONICAL_PUBLIC_OUTPUT,NO_CANONICAL_PUBLIC_OUTPUT,NO_CANONICAL_PUBLIC_OUTPUT,NO_CANONICAL_PUBLIC_OUTPUT,NONE_BASE_CONTRACT_ALWAYS_NONE,YES_SEALED_133_SURFACE,AVAILABLE_HISTORICAL_ONLY_OR_DERIVABLE;NOT_LIVE_PUBLIC_OUTPUT,NO_PORTFOLIO_ORDER_AGGREGATION_NOT_DEFINED,NO_GENERIC_FORWARD_OBSERVER_CONTRACT,R4 does not authorize this identity as a producer member and is not extensible without a new observer contract.,Executable path is source-faithful but not proven total for every causal target; strict ticket validation fails closed. Target identity is synthesized from the causal cutoff because the public adapter input has no target field.,git:2db4da27aee716805c393eb9c7dd41aff8e9527e,src/lottolab/strategies/catalog.py@2db4da27aee716805c393eb9c7dd41aff8e9527e;blob=099f2a8c9ccbacc8306b2397c560bef413b24217;/Users/kelvin/VibeCoding-WorkSpace/.task-data/B649_STRATEGY_K_HISTORICAL_MATRIX_AUTHORITY_R1/strategy_universe.json;adapter=lottolab.strategies.adapters.biglotto_wave11:BigLottoCoreSatelliteRandomNativeAdapter
legacy_biglotto__zone_split__b6144f9d479f,大樂透 Zone Split（隨機原生3注）,zone,v0.1,PORTFOLIO,3,1,YES_LOADABLE_PATH,lottolab.strategies.adapters.biglotto_wave11:BigLottoZoneSplitRandomNativeAdapter,YES_IF_SUCCESSFUL_NOT_TOTAL_FUNCTION,YES_IF_SUCCESSFUL_EXECUTION,SHA256_REQUEST_HISTORY_SEEDED_CPYTHON_MT19937,SHA-256 protocol over method/source/synthesized next-target/replicate/user seed; CPython MT19937,YES_PINNED_CATALOG,NO_CANONICAL_PUBLIC_OUTPUT,NO_CANONICAL_PUBLIC_OUTPUT,NO_CANONICAL_PUBLIC_OUTPUT,NO_CANONICAL_PUBLIC_OUTPUT,NONE_BASE_CONTRACT_ALWAYS_NONE,YES_SEALED_133_SURFACE,AVAILABLE_HISTORICAL_ONLY_OR_DERIVABLE;NOT_LIVE_PUBLIC_OUTPUT,NO_PORTFOLIO_ORDER_AGGREGATION_NOT_DEFINED,NO_GENERIC_FORWARD_OBSERVER_CONTRACT,R4 does not authorize this identity as a producer member and is not extensible without a new observer contract.,Executable path is source-faithful but not proven total for every causal target; strict ticket validation fails closed. Target identity is synthesized from the causal cutoff because the public adapter input has no target field.,git:2db4da27aee716805c393eb9c7dd41aff8e9527e,src/lottolab/strategies/catalog.py@2db4da27aee716805c393eb9c7dd41aff8e9527e;blob=099f2a8c9ccbacc8306b2397c560bef413b24217;/Users/kelvin/VibeCoding-WorkSpace/.task-data/B649_STRATEGY_K_HISTORICAL_MATRIX_AUTHORITY_R1/strategy_universe.json;adapter=lottolab.strategies.adapters.biglotto_wave11:BigLottoZoneSplitRandomNativeAdapter
legacy_biglotto__big_lotto_exhaustive_audit__694d353b7ca2,大樂透窮舉稽核（熱/冷/正交3注）,report,v0.1,PORTFOLIO,3,50,YES_LOADABLE_PATH,lottolab.strategies.adapters.biglotto_wave11:BigLottoExhaustiveAuditAdapter,YES_IF_SUCCESSFUL_NOT_TOTAL_FUNCTION,YES_IF_SUCCESSFUL_EXECUTION,SHA256_REQUEST_HISTORY_SEEDED_CPYTHON_MT19937,SHA-256 protocol over method/source/synthesized next-target/replicate/user seed; CPython MT19937,YES_PINNED_CATALOG,NO_CANONICAL_PUBLIC_OUTPUT,NO_CANONICAL_PUBLIC_OUTPUT,NO_CANONICAL_PUBLIC_OUTPUT,NO_CANONICAL_PUBLIC_OUTPUT,NONE_BASE_CONTRACT_ALWAYS_NONE,YES_SEALED_133_SURFACE,AVAILABLE_HISTORICAL_ONLY_OR_DERIVABLE;NOT_LIVE_PUBLIC_OUTPUT,NO_PORTFOLIO_ORDER_AGGREGATION_NOT_DEFINED,NO_GENERIC_FORWARD_OBSERVER_CONTRACT,R4 does not authorize this identity as a producer member and is not extensible without a new observer contract.,Executable path is source-faithful but not proven total for every causal target; strict ticket validation fails closed. Target identity is synthesized from the causal cutoff because the public adapter input has no target field.,git:2db4da27aee716805c393eb9c7dd41aff8e9527e,src/lottolab/strategies/catalog.py@2db4da27aee716805c393eb9c7dd41aff8e9527e;blob=099f2a8c9ccbacc8306b2397c560bef413b24217;/Users/kelvin/VibeCoding-WorkSpace/.task-data/B649_STRATEGY_K_HISTORICAL_MATRIX_AUTHORITY_R1/strategy_universe.json;adapter=lottolab.strategies.adapters.biglotto_wave11:BigLottoExhaustiveAuditAdapter
legacy_biglotto__social_wisdom_predictor__a00829b5d875,大樂透社群智慧預測器（8注）,folklore,v0.1,PORTFOLIO,8,1,YES_LOADABLE_PATH,lottolab.strategies.adapters.biglotto_wave12:BigLottoSocialWisdomPredictorAdapter,YES_IF_SUCCESSFUL_NOT_TOTAL_FUNCTION,YES_IF_SUCCESSFUL_EXECUTION,SHA256_REQUEST_HISTORY_SEEDED_LEGACY_NUMPY_MT19937,SHA-256 protocol over method/source/synthesized next-target/replicate/user seed; legacy NumPy RandomState MT19937,YES_PINNED_CATALOG,NO_CANONICAL_PUBLIC_OUTPUT,NO_CANONICAL_PUBLIC_OUTPUT,NO_CANONICAL_PUBLIC_OUTPUT,NO_CANONICAL_PUBLIC_OUTPUT,NONE_BASE_CONTRACT_ALWAYS_NONE,YES_SEALED_133_SURFACE,AVAILABLE_HISTORICAL_ONLY_OR_DERIVABLE;NOT_LIVE_PUBLIC_OUTPUT,NO_PORTFOLIO_ORDER_AGGREGATION_NOT_DEFINED,NO_GENERIC_FORWARD_OBSERVER_CONTRACT,R4 does not authorize this identity as a producer member and is not extensible without a new observer contract.,Executable path is source-faithful but not proven total for every causal target; strict ticket validation fails closed. Target identity is synthesized from the causal cutoff because the public adapter input has no target field.,git:2db4da27aee716805c393eb9c7dd41aff8e9527e,src/lottolab/strategies/catalog.py@2db4da27aee716805c393eb9c7dd41aff8e9527e;blob=099f2a8c9ccbacc8306b2397c560bef413b24217;/Users/kelvin/VibeCoding-WorkSpace/.task-data/B649_STRATEGY_K_HISTORICAL_MATRIX_AUTHORITY_R1/strategy_universe.json;adapter=lottolab.strategies.adapters.biglotto_wave12:BigLottoSocialWisdomPredictorAdapter
legacy_biglotto__negative_selection_biglotto__98f860c52cc2,大樂透負向篩選（增強版）,hot_cold,v0.1,PORTFOLIO,8,1,YES_LOADABLE_PATH,lottolab.strategies.adapters.biglotto_wave12:BigLottoNegativeSelectionBiglottoAdapter,YES_IF_SUCCESSFUL_NOT_TOTAL_FUNCTION,YES_IF_SUCCESSFUL_EXECUTION,SHA256_REQUEST_HISTORY_SEEDED_LEGACY_NUMPY_MT19937,SHA-256 protocol over method/source/synthesized next-target/replicate/user seed; legacy NumPy RandomState MT19937,YES_PINNED_CATALOG,NO_CANONICAL_PUBLIC_OUTPUT,NO_CANONICAL_PUBLIC_OUTPUT,NO_CANONICAL_PUBLIC_OUTPUT,NO_CANONICAL_PUBLIC_OUTPUT,NONE_BASE_CONTRACT_ALWAYS_NONE,YES_SEALED_133_SURFACE,AVAILABLE_HISTORICAL_ONLY_OR_DERIVABLE;NOT_LIVE_PUBLIC_OUTPUT,NO_PORTFOLIO_ORDER_AGGREGATION_NOT_DEFINED,NO_GENERIC_FORWARD_OBSERVER_CONTRACT,R4 does not authorize this identity as a producer member and is not extensible without a new observer contract.,Data-dependent donor deduplication can undercount the nominal eight tickets. Target identity is synthesized from the causal cutoff because the public adapter input has no target field.,git:2db4da27aee716805c393eb9c7dd41aff8e9527e,src/lottolab/strategies/catalog.py@2db4da27aee716805c393eb9c7dd41aff8e9527e;blob=099f2a8c9ccbacc8306b2397c560bef413b24217;/Users/kelvin/VibeCoding-WorkSpace/.task-data/B649_STRATEGY_K_HISTORICAL_MATRIX_AUTHORITY_R1/strategy_universe.json;adapter=lottolab.strategies.adapters.biglotto_wave12:BigLottoNegativeSelectionBiglottoAdapter
legacy_biglotto__quick_ml_predict__8b7ba0b52e2d,大樂透快速機器學習預測（2注）,frequency,v0.1,PORTFOLIO,2,1,YES_LOADABLE_PATH,lottolab.strategies.adapters.biglotto_wave12:BigLottoQuickMlPredictAdapter,EXECUTABLE_PATH_BUT_NORMAL_FORWARD_CLOSURE,YES_IF_SUCCESSFUL_EXECUTION,NO_LOAD_BEARING_RNG,NONE_DETERMINISTIC; public execution output carries no seed metadata,YES_PINNED_CATALOG,NO_CANONICAL_PUBLIC_OUTPUT,NO_CANONICAL_PUBLIC_OUTPUT,NO_CANONICAL_PUBLIC_OUTPUT,NO_CANONICAL_PUBLIC_OUTPUT,NONE_BASE_CONTRACT_ALWAYS_NONE,YES_SEALED_133_SURFACE,AVAILABLE_HISTORICAL_ONLY_OR_DERIVABLE;NOT_LIVE_PUBLIC_OUTPUT,NO_PORTFOLIO_ORDER_AGGREGATION_NOT_DEFINED,NO_GENERIC_FORWARD_OBSERVER_CONTRACT,R4 does not authorize this identity as a producer member and is not extensible without a new observer contract.,SEVERE: deterministic FROZEN_SOURCE_PATTERN_SLICE_INDEX_ERROR closure for every history length >=5; executable path is not a usable normal forward generator.,git:2db4da27aee716805c393eb9c7dd41aff8e9527e,src/lottolab/strategies/catalog.py@2db4da27aee716805c393eb9c7dd41aff8e9527e;blob=099f2a8c9ccbacc8306b2397c560bef413b24217;/Users/kelvin/VibeCoding-WorkSpace/.task-data/B649_STRATEGY_K_HISTORICAL_MATRIX_AUTHORITY_R1/strategy_universe.json;adapter=lottolab.strategies.adapters.biglotto_wave12:BigLottoQuickMlPredictAdapter
legacy_biglotto__test_asm__d39a233a4c75,大樂透 ASM 錨點次選混合預測器,utility,v0.1,PORTFOLIO,3,1,YES_LOADABLE_PATH,lottolab.strategies.adapters.biglotto_wave13:BigLottoTestAsmAdapter,YES_IF_SUCCESSFUL_NOT_TOTAL_FUNCTION,YES_IF_SUCCESSFUL_EXECUTION,HISTORY_LENGTH_SEEDED_FROZEN_STATISTICAL_PATH,local random.Random(len(causal_history)); some composed paths reuse this frozen statistical ticket,YES_PINNED_CATALOG,NO_CANONICAL_PUBLIC_OUTPUT,NO_CANONICAL_PUBLIC_OUTPUT,NO_CANONICAL_PUBLIC_OUTPUT,NO_CANONICAL_PUBLIC_OUTPUT,NONE_BASE_CONTRACT_ALWAYS_NONE,YES_SEALED_133_SURFACE,AVAILABLE_HISTORICAL_ONLY_OR_DERIVABLE;NOT_LIVE_PUBLIC_OUTPUT,NO_PORTFOLIO_ORDER_AGGREGATION_NOT_DEFINED,NO_GENERIC_FORWARD_OBSERVER_CONTRACT,R4 does not authorize this identity as a producer member and is not extensible without a new observer contract.,Data-dependent short-candidate/index closure surface.,git:2db4da27aee716805c393eb9c7dd41aff8e9527e,src/lottolab/strategies/catalog.py@2db4da27aee716805c393eb9c7dd41aff8e9527e;blob=099f2a8c9ccbacc8306b2397c560bef413b24217;/Users/kelvin/VibeCoding-WorkSpace/.task-data/B649_STRATEGY_K_HISTORICAL_MATRIX_AUTHORITY_R1/strategy_universe.json;adapter=lottolab.strategies.adapters.biglotto_wave13:BigLottoTestAsmAdapter
legacy_biglotto__test_dcb__c3299c25ca59,大樂透 DCB 動態關聯增強預測器,utility,v0.1,PORTFOLIO,3,1,YES_LOADABLE_PATH,lottolab.strategies.adapters.biglotto_wave13:BigLottoTestDcbAdapter,YES_IF_SUCCESSFUL_NOT_TOTAL_FUNCTION,YES_IF_SUCCESSFUL_EXECUTION,HISTORY_LENGTH_SEEDED_FROZEN_STATISTICAL_PATH,local random.Random(len(causal_history)); some composed paths reuse this frozen statistical ticket,YES_PINNED_CATALOG,NO_CANONICAL_PUBLIC_OUTPUT,NO_CANONICAL_PUBLIC_OUTPUT,NO_CANONICAL_PUBLIC_OUTPUT,NO_CANONICAL_PUBLIC_OUTPUT,NONE_BASE_CONTRACT_ALWAYS_NONE,YES_SEALED_133_SURFACE,AVAILABLE_HISTORICAL_ONLY_OR_DERIVABLE;NOT_LIVE_PUBLIC_OUTPUT,NO_PORTFOLIO_ORDER_AGGREGATION_NOT_DEFINED,NO_GENERIC_FORWARD_OBSERVER_CONTRACT,R4 does not authorize this identity as a producer member and is not extensible without a new observer contract.,Data-dependent short-candidate/index closure surface.,git:2db4da27aee716805c393eb9c7dd41aff8e9527e,src/lottolab/strategies/catalog.py@2db4da27aee716805c393eb9c7dd41aff8e9527e;blob=099f2a8c9ccbacc8306b2397c560bef413b24217;/Users/kelvin/VibeCoding-WorkSpace/.task-data/B649_STRATEGY_K_HISTORICAL_MATRIX_AUTHORITY_R1/strategy_universe.json;adapter=lottolab.strategies.adapters.biglotto_wave13:BigLottoTestDcbAdapter
legacy_biglotto__test_4bet_dcb__3c7e3e661ad8,大樂透 4注 DCB 全池覆蓋預測器,utility,v0.1,PORTFOLIO,4,1,YES_LOADABLE_PATH,lottolab.strategies.adapters.biglotto_wave13:BigLottoTestFourBetDcbAdapter,YES_IF_SUCCESSFUL_NOT_TOTAL_FUNCTION,YES_IF_SUCCESSFUL_EXECUTION,HISTORY_LENGTH_SEEDED_FROZEN_STATISTICAL_PATH,local random.Random(len(causal_history)); some composed paths reuse this frozen statistical ticket,YES_PINNED_CATALOG,NO_CANONICAL_PUBLIC_OUTPUT,NO_CANONICAL_PUBLIC_OUTPUT,NO_CANONICAL_PUBLIC_OUTPUT,NO_CANONICAL_PUBLIC_OUTPUT,NONE_BASE_CONTRACT_ALWAYS_NONE,YES_SEALED_133_SURFACE,AVAILABLE_HISTORICAL_ONLY_OR_DERIVABLE;NOT_LIVE_PUBLIC_OUTPUT,NO_PORTFOLIO_ORDER_AGGREGATION_NOT_DEFINED,NO_GENERIC_FORWARD_OBSERVER_CONTRACT,R4 does not authorize this identity as a producer member and is not extensible without a new observer contract.,Data-dependent short-slice closure; source audit recorded historical closures.,git:2db4da27aee716805c393eb9c7dd41aff8e9527e,src/lottolab/strategies/catalog.py@2db4da27aee716805c393eb9c7dd41aff8e9527e;blob=099f2a8c9ccbacc8306b2397c560bef413b24217;/Users/kelvin/VibeCoding-WorkSpace/.task-data/B649_STRATEGY_K_HISTORICAL_MATRIX_AUTHORITY_R1/strategy_universe.json;adapter=lottolab.strategies.adapters.biglotto_wave13:BigLottoTestFourBetDcbAdapter
legacy_biglotto__test_ecp__c9d5ac6decdd,大樂透 ECP 菁英共識池預測器,utility,v0.1,PORTFOLIO,3,1,YES_LOADABLE_PATH,lottolab.strategies.adapters.biglotto_wave14:BigLottoTestEcpAdapter,YES_IF_SUCCESSFUL_NOT_TOTAL_FUNCTION,YES_IF_SUCCESSFUL_EXECUTION,HISTORY_LENGTH_SEEDED_FROZEN_STATISTICAL_PATH,local random.Random(len(causal_history)); some composed paths reuse this frozen statistical ticket,YES_PINNED_CATALOG,NO_CANONICAL_PUBLIC_OUTPUT,NO_CANONICAL_PUBLIC_OUTPUT,NO_CANONICAL_PUBLIC_OUTPUT,NO_CANONICAL_PUBLIC_OUTPUT,NONE_BASE_CONTRACT_ALWAYS_NONE,YES_SEALED_133_SURFACE,AVAILABLE_HISTORICAL_ONLY_OR_DERIVABLE;NOT_LIVE_PUBLIC_OUTPUT,NO_PORTFOLIO_ORDER_AGGREGATION_NOT_DEFINED,NO_GENERIC_FORWARD_OBSERVER_CONTRACT,R4 does not authorize this identity as a producer member and is not extensible without a new observer contract.,Data-dependent short-pool closure surface.,git:2db4da27aee716805c393eb9c7dd41aff8e9527e,src/lottolab/strategies/catalog.py@2db4da27aee716805c393eb9c7dd41aff8e9527e;blob=099f2a8c9ccbacc8306b2397c560bef413b24217;/Users/kelvin/VibeCoding-WorkSpace/.task-data/B649_STRATEGY_K_HISTORICAL_MATRIX_AUTHORITY_R1/strategy_universe.json;adapter=lottolab.strategies.adapters.biglotto_wave14:BigLottoTestEcpAdapter
legacy_biglotto__test_pce__9c0cf22b4217,大樂透 PCE 配對共識集成預測器,ML_like,v0.1,PORTFOLIO,3,1,YES_LOADABLE_PATH,lottolab.strategies.adapters.biglotto_wave14:BigLottoTestPceAdapter,YES_IF_SUCCESSFUL_NOT_TOTAL_FUNCTION,YES_IF_SUCCESSFUL_EXECUTION,HISTORY_LENGTH_SEEDED_FROZEN_STATISTICAL_PATH,local random.Random(len(causal_history)); some composed paths reuse this frozen statistical ticket,YES_PINNED_CATALOG,NO_CANONICAL_PUBLIC_OUTPUT,NO_CANONICAL_PUBLIC_OUTPUT,NO_CANONICAL_PUBLIC_OUTPUT,NO_CANONICAL_PUBLIC_OUTPUT,NONE_BASE_CONTRACT_ALWAYS_NONE,YES_SEALED_133_SURFACE,AVAILABLE_HISTORICAL_ONLY_OR_DERIVABLE;NOT_LIVE_PUBLIC_OUTPUT,NO_PORTFOLIO_ORDER_AGGREGATION_NOT_DEFINED,NO_GENERIC_FORWARD_OBSERVER_CONTRACT,R4 does not authorize this identity as a producer member and is not extensible without a new observer contract.,Data-dependent closure when fewer than three unique legal bets can be built.,git:2db4da27aee716805c393eb9c7dd41aff8e9527e,src/lottolab/strategies/catalog.py@2db4da27aee716805c393eb9c7dd41aff8e9527e;blob=099f2a8c9ccbacc8306b2397c560bef413b24217;/Users/kelvin/VibeCoding-WorkSpace/.task-data/B649_STRATEGY_K_HISTORICAL_MATRIX_AUTHORITY_R1/strategy_universe.json;adapter=lottolab.strategies.adapters.biglotto_wave14:BigLottoTestPceAdapter
legacy_biglotto__hpsb_optimizer__cf5cd7d971e8,大樂透 HPSB 超精準單注預測器（V2 動態方法選擇）,ML_like,v0.1,SINGLE_TICKET,1,1,YES_LOADABLE_PATH,lottolab.strategies.adapters.biglotto_wave14:BigLottoHpsbOptimizerAdapter,YES_IF_SUCCESSFUL_NOT_TOTAL_FUNCTION,YES_IF_SUCCESSFUL_EXECUTION,HISTORY_LENGTH_SEEDED_FROZEN_STATISTICAL_PATH,local random.Random(len(causal_history)); some composed paths reuse this frozen statistical ticket,YES_PINNED_CATALOG,NO_CANONICAL_PUBLIC_OUTPUT,NO_CANONICAL_PUBLIC_OUTPUT,NO_CANONICAL_PUBLIC_OUTPUT,NO_CANONICAL_PUBLIC_OUTPUT,NONE_BASE_CONTRACT_ALWAYS_NONE,YES_SEALED_133_SURFACE,AVAILABLE_HISTORICAL_ONLY_OR_DERIVABLE;NOT_LIVE_PUBLIC_OUTPUT,YES_DIRECT_HISTORICAL,NO_GENERIC_FORWARD_OBSERVER_CONTRACT,R4 does not authorize this identity as a producer member and is not extensible without a new observer contract.,Executable path is source-faithful but not proven total for every causal target; strict ticket validation fails closed.,git:2db4da27aee716805c393eb9c7dd41aff8e9527e,src/lottolab/strategies/catalog.py@2db4da27aee716805c393eb9c7dd41aff8e9527e;blob=099f2a8c9ccbacc8306b2397c560bef413b24217;/Users/kelvin/VibeCoding-WorkSpace/.task-data/B649_STRATEGY_K_HISTORICAL_MATRIX_AUTHORITY_R1/strategy_universe.json;adapter=lottolab.strategies.adapters.biglotto_wave14:BigLottoHpsbOptimizerAdapter
