strategy_id,adapter_file,adapter_class,catalog_wave_provenance_identity,catalog_provenance,response_shape,native_ticket_count,min_history,actual_information_sources_consumed,independent_information_source_families,model_transformation_type,portfolio_construction_behavior,shared_engine_library_dependencies,multi_source_internal_ensemble,technical_availability_status,frequency_gap_deviation_lineage,notes_caveats
biglotto_social_wisdom_anti_popularity,src/lottolab/strategies/adapters/biglotto_selected.py,BigLottoSocialWisdomAntiPopularityAdapter,legacy_task:P541F_R2;migration_task:P600B_R2;migration_task:P602B,legacy_commit:520c3922a7c8f47e5b6196fb4b0d54716fa5fd9f;legacy_source:lottery_api/models/replay_strategy_registry.py;legacy_task:P541F_R2;legacy_pr:690;migration_task:P600B_R2;migration_task:P602B,SINGLE_TICKET,1,1,social_anti_popularity;frequency,social_behavior_prior;historical_number_occurrence,fixed_social_prior;weighted_score_blend,ranked_single_ticket,biglotto_selected._unpopular_scores;biglotto_selected._historical_frequency,YES,TECHNICALLY_AVAILABLE,NO,Distinct anti-popularity prior (1-31 penalized; 32-49 favored) blended 65/35 with trailing-50 frequency.
biglotto_zone_split_3bet_bet1,src/lottolab/strategies/adapters/biglotto_selected.py,BigLottoZoneSplit3BetBet1Adapter,legacy_task:P541F_R2;migration_task:P600B_R2;migration_task:P602B,legacy_commit:520c3922a7c8f47e5b6196fb4b0d54716fa5fd9f;legacy_source:lottery_api/models/replay_strategy_registry.py;legacy_task:P541F_R2;legacy_pr:690;migration_task:P600B_R2;migration_task:P602B,SINGLE_TICKET,1,1,zone_range;other_outcome_blind_randomness,outcome_blind_structural_prior,history_identity_hash_seed;fixed_zone_geometry,position_specific_ticket_from_three_overlapping_zone_pools,biglotto_selected._zone_split_bets,NO,TECHNICALLY_AVAILABLE,NO,"Three catalog IDs expose positional outputs of one seeded zone sampler; history content supplies reproducibility, not a learned predictive feature."
biglotto_zone_split_3bet_bet2,src/lottolab/strategies/adapters/biglotto_selected.py,BigLottoZoneSplit3BetBet2Adapter,migration_task:MATHSTATISTICALANALYSIS_BIGLOTTO_ZONE_SPLIT_3BET_BET2_LOCAL_IMPLEMENTATION_R1,legacy_commit:24617fe3bb7ec087acf121f302bffd638ccfa179;legacy_source:lottery_api/models/p541d_r2_biglotto_selected_adapters.py;legacy_test:tests/test_p541d_r2_biglotto_selected_adapters.py;migration_task:MATHSTATISTICALANALYSIS_BIGLOTTO_ZONE_SPLIT_3BET_BET2_LOCAL_IMPLEMENTATION_R1,SINGLE_TICKET,1,1,zone_range;other_outcome_blind_randomness,outcome_blind_structural_prior,history_identity_hash_seed;fixed_zone_geometry,position_specific_ticket_from_three_overlapping_zone_pools,biglotto_selected._zone_split_bets,NO,TECHNICALLY_AVAILABLE,NO,"Three catalog IDs expose positional outputs of one seeded zone sampler; history content supplies reproducibility, not a learned predictive feature."
biglotto_zone_split_3bet_bet3,src/lottolab/strategies/adapters/biglotto_selected.py,BigLottoZoneSplit3BetBet3Adapter,migration_task:MATHSTATISTICALANALYSIS_BIGLOTTO_ZONE_SPLIT_3BET_BET3_IMPLEMENT_AND_PUBLISH_R1,legacy_commit:24617fe3bb7ec087acf121f302bffd638ccfa179;legacy_source:lottery_api/models/p541d_r2_biglotto_selected_adapters.py;legacy_test:tests/test_p541d_r2_biglotto_selected_adapters.py;legacy_symbol:_zone_split_bets;legacy_contract:P541D_R2;evidence_status:HISTORICAL_RESEARCH_ONLY;current_significance:NOT_ESTABLISHED;migration_task:MATHSTATISTICALANALYSIS_BIGLOTTO_ZONE_SPLIT_3BET_BET3_IMPLEMENT_AND_PUBLISH_R1,SINGLE_TICKET,1,1,zone_range;other_outcome_blind_randomness,outcome_blind_structural_prior,history_identity_hash_seed;fixed_zone_geometry,position_specific_ticket_from_three_overlapping_zone_pools,biglotto_selected._zone_split_bets,NO,TECHNICALLY_AVAILABLE,NO,"Three catalog IDs expose positional outputs of one seeded zone sampler; history content supplies reproducibility, not a learned predictive feature."
biglotto_deviation_2bet,src/lottolab/strategies/adapters/biglotto_selected.py,BigLottoDeviation2BetAdapter,migration_task:P603A,legacy_commit:520c3922a7c8f47e5b6196fb4b0d54716fa5fd9f;legacy_source:lottery_api/models/replay_strategy_registry.py;legacy_source:tools/predict_biglotto_deviation_2bet.py;migration_task:P603A,SINGLE_TICKET,1,100,frequency;deviation;hot_cold,historical_number_occurrence,expected_frequency_residual;threshold_ranking,position_specific_hot_or_cold_complement_ticket,biglotto_selected._deviation_complement_2bet,NO,TECHNICALLY_AVAILABLE,YES,Two IDs expose the hot and cold positions of the same trailing-window deviation calculation.
biglotto_deviation_2bet_bet2,src/lottolab/strategies/adapters/biglotto_selected.py,BigLottoDeviation2BetBet2Adapter,migration_task:MATHSTATISTICALANALYSIS_BIGLOTTO_DEVIATION_2BET_BET2_IMPLEMENT_AND_PUBLISH_R1,legacy_commit:520c3922a7c8f47e5b6196fb4b0d54716fa5fd9f;legacy_source:tools/predict_biglotto_deviation_2bet.py;legacy_symbol:deviation_complement_2bet;target_producer:_deviation_complement_2bet;output_index:1;evidence_status:HISTORICAL_RESEARCH_ONLY;current_significance:NOT_ESTABLISHED;migration_task:MATHSTATISTICALANALYSIS_BIGLOTTO_DEVIATION_2BET_BET2_IMPLEMENT_AND_PUBLISH_R1,SINGLE_TICKET,1,100,frequency;deviation;hot_cold,historical_number_occurrence,expected_frequency_residual;threshold_ranking,position_specific_hot_or_cold_complement_ticket,biglotto_selected._deviation_complement_2bet,NO,TECHNICALLY_AVAILABLE,YES,Two IDs expose the hot and cold positions of the same trailing-window deviation calculation.
biglotto_p0_2bet_bet1,src/lottolab/strategies/adapters/biglotto_selected.py,BigLottoP02BetBet1Adapter,migration_task:MATHSTATISTICALANALYSIS_BIGLOTTO_P0_2BET_BET1_ADAPTER_MIGRATION_R1,legacy_commit:44a9067b73cc38fcd517673f5187e98080997aef;legacy_source:tools/quick_predict.py;legacy_source:recovered_strategies/biglotto/historical_adapters.py;evidence_status:HISTORICAL_RESEARCH_ONLY;current_significance:NOT_ESTABLISHED;migration_task:MATHSTATISTICALANALYSIS_BIGLOTTO_P0_2BET_BET1_ADAPTER_MIGRATION_R1,SINGLE_TICKET,1,1,frequency;deviation;hot_cold;gap_recency,historical_number_occurrence;historical_temporal_sequence,lag2_echo_boost;expected_frequency_residual,position_specific_hot_echo_or_disjoint_cold_ticket,biglotto_selected._p0_hot_echo_2bets,NO,TECHNICALLY_AVAILABLE,YES,Two IDs expose positions of one Hot+Echo / Cold pair; they are not independent source families.
biglotto_p0_2bet_bet2,src/lottolab/strategies/adapters/biglotto_selected.py,BigLottoP02BetBet2Adapter,migration_task:MATHSTATISTICALANALYSIS_BIGLOTTO_P0_2BET_BET2_ADAPTER_MIGRATION_R1,legacy_commit:44a9067b73cc38fcd517673f5187e98080997aef;legacy_source:tools/quick_predict.py;legacy_source:recovered_strategies/biglotto/historical_adapters.py;evidence_status:HISTORICAL_RESEARCH_ONLY;current_significance:NOT_ESTABLISHED;migration_task:MATHSTATISTICALANALYSIS_BIGLOTTO_P0_2BET_BET2_ADAPTER_MIGRATION_R1,SINGLE_TICKET,1,1,frequency;deviation;hot_cold;gap_recency,historical_number_occurrence;historical_temporal_sequence,lag2_echo_boost;expected_frequency_residual,position_specific_hot_echo_or_disjoint_cold_ticket,biglotto_selected._p0_hot_echo_2bets,NO,TECHNICALLY_AVAILABLE,YES,Two IDs expose positions of one Hot+Echo / Cold pair; they are not independent source families.
legacy_biglotto__graph_predictor__cd70713a5709,src/lottolab/strategies/adapters/biglotto_wave1.py,BigLottoGraphPredictorAdapter,migration_task:BIGLOTTO_NATIVE_STRATEGY_WAVE1_R1,legacy_commit:49a25effa62fc24f40789c16be6f11bdfb41a4a9;legacy_source:ai_lab/scripts/graph_predictor.py;full_strategy_catalog_id:legacy_biglotto__graph_predictor__cd70713a5709;migration_task:BIGLOTTO_NATIVE_STRATEGY_WAVE1_R1,SINGLE_TICKET,1,1,cooccurrence;pair_triple_structure,historical_cross_number_relationships,weighted_graph;pagerank;greedy_clique,ranked_single_ticket,biglotto_wave1_graph_helpers,NO,TECHNICALLY_AVAILABLE,NO,Genuinely relationship-based rather than a frequency-window alias.
legacy_biglotto__backtest_must_hit__909c91fd2fd0,src/lottolab/strategies/adapters/biglotto_wave1.py,BigLottoMustHitTop6Adapter,migration_task:BIGLOTTO_NATIVE_STRATEGY_WAVE1_R1,legacy_commit:49a25effa62fc24f40789c16be6f11bdfb41a4a9;legacy_source:tools/backtest_must_hit.py;legacy_symbol:predict_must_hit;full_strategy_catalog_id:legacy_biglotto__backtest_must_hit__909c91fd2fd0;migration_task:BIGLOTTO_NATIVE_STRATEGY_WAVE1_R1,SINGLE_TICKET,1,50,frequency;hot_cold,historical_number_occurrence,trailing50_top_rank,ranked_single_ticket,collections.Counter,NO,TECHNICALLY_AVAILABLE,YES,Top six most frequent numbers in the last 50 draws.
legacy_biglotto__dynamic_frequency_predictor__36e5bf9998ac,src/lottolab/strategies/adapters/biglotto_wave1.py,BigLottoDynamicFrequencyAdapter,migration_task:BIGLOTTO_NATIVE_STRATEGY_WAVE1_R1,legacy_commit:49a25effa62fc24f40789c16be6f11bdfb41a4a9;legacy_source:tools/dynamic_frequency_predictor.py;full_strategy_catalog_id:legacy_biglotto__dynamic_frequency_predictor__36e5bf9998ac;migration_task:BIGLOTTO_NATIVE_STRATEGY_WAVE1_R1,SINGLE_TICKET,1,200,frequency;historical_feedback,historical_number_occurrence;historical_method_hit_feedback,self_tuned_window_selection,ranked_single_ticket,biglotto_wave1_dynamic_frequency_helpers,YES,TECHNICALLY_AVAILABLE,YES,Selects among five frequency windows using historical feedback; still one occurrence-count source family.
legacy_biglotto__hot_cooccurrence_analyzer__48121f27d7ee,src/lottolab/strategies/adapters/biglotto_wave1.py,BigLottoHotCooccurrenceAdapter,migration_task:BIGLOTTO_NATIVE_STRATEGY_WAVE1_R1,legacy_commit:49a25effa62fc24f40789c16be6f11bdfb41a4a9;legacy_source:tools/hot_cooccurrence_analyzer.py;legacy_symbol:analyze_and_recommend;full_strategy_catalog_id:legacy_biglotto__hot_cooccurrence_analyzer__48121f27d7ee;migration_task:BIGLOTTO_NATIVE_STRATEGY_WAVE1_R1,SINGLE_TICKET,1,1,frequency;hot_cold;cooccurrence;pair_triple_structure,historical_number_occurrence;historical_cross_number_relationships,hot_filter;cooccurrence_weighting,ranked_single_ticket,biglotto_wave1_cooccurrence_helpers,YES,TECHNICALLY_AVAILABLE,YES,Combines marginal hotness with pair co-occurrence rules.
legacy_biglotto__predict_biglotto_echo_phase2__51c44b5c13d4,src/lottolab/strategies/adapters/biglotto_wave1.py,BigLottoEchoPhase2Adapter,migration_task:BIGLOTTO_NATIVE_STRATEGY_WAVE1_R1,legacy_commit:49a25effa62fc24f40789c16be6f11bdfb41a4a9;legacy_source:tools/predict_biglotto_echo_phase2.py;legacy_source:tools/predict_biglotto_echo_2bet.py;legacy_source:tools/predict_biglotto_echo_3bet.py;legacy_symbol:phase2_echo_2bet;legacy_symbol:phase2_echo_3bet;full_strategy_catalog_id:legacy_biglotto__predict_biglotto_echo_phase2__51c44b5c13d4;migration_task:BIGLOTTO_NATIVE_STRATEGY_WAVE1_R1,PORTFOLIO,5,1,frequency;hot_cold;gap_recency;markov_sequence,historical_number_occurrence;historical_temporal_sequence,continuous_temperature;adaptive_echo_weight,five_ticket_2bet_plus_3bet_portfolio,biglotto_wave1_echo_helpers,YES,TECHNICALLY_AVAILABLE,YES,Adaptive echo variants are transformations of the same occurrence/lag history.
legacy_biglotto__high_prize_trend_optimizer__0fc72409150e,src/lottolab/strategies/adapters/biglotto_wave2.py,BigLottoHighPrizeTrendAdapter,migration_task:BIGLOTTO_NATIVE_STRATEGY_WAVE2_R1,legacy_commit:49a25effa62fc24f40789c16be6f11bdfb41a4a9;legacy_source:ai_lab/scripts/high_prize_trend_optimizer.py;legacy_symbol:HighPrizeTrendOptimizer.predict;full_strategy_catalog_id:legacy_biglotto__high_prize_trend_optimizer__0fc72409150e;migration_task:BIGLOTTO_NATIVE_STRATEGY_WAVE2_R1,PORTFOLIO,7,1,frequency;trend,historical_number_occurrence,exponential_decay;lambda_sweep,one_ticket_per_lambda_seven_ticket_portfolio,biglotto_wave2._high_prize_trend_predict,NO,TECHNICALLY_AVAILABLE,YES,"Seven lambda settings are model variants, not seven information sources."
legacy_biglotto__core_satellite__2e82891003b3,src/lottolab/strategies/adapters/biglotto_wave2.py,BigLottoCoreSatelliteAdapter,migration_task:BIGLOTTO_NATIVE_STRATEGY_WAVE2_R1,legacy_commit:49a25effa62fc24f40789c16be6f11bdfb41a4a9;legacy_source:lottery_api/engine/core_satellite.py;legacy_symbol:CoreSatelliteGenerator.generate_from_history;full_strategy_catalog_id:legacy_biglotto__core_satellite__2e82891003b3;migration_task:BIGLOTTO_NATIVE_STRATEGY_WAVE2_R1,PORTFOLIO,12,1,frequency;hot_cold;deviation,historical_number_occurrence,four_frequency_pool_rankings,core_satellite;diversification;twelve_ticket_portfolio,biglotto_wave2_core_satellite_helpers,YES,TECHNICALLY_AVAILABLE,YES,Four pool modes share one frequency table; construction drives most catalog differentiation.
legacy_biglotto__auto_discovery_biglotto__06bcb164db84,src/lottolab/strategies/adapters/biglotto_wave2.py,BigLottoAutoDiscoveryAdapter,migration_task:BIGLOTTO_NATIVE_STRATEGY_WAVE2_R1,legacy_commit:49a25effa62fc24f40789c16be6f11bdfb41a4a9;legacy_source:tools/auto_discovery_biglotto.py;legacy_symbol:build_methods;full_strategy_catalog_id:legacy_biglotto__auto_discovery_biglotto__06bcb164db84;migration_task:BIGLOTTO_NATIVE_STRATEGY_WAVE2_R1,PORTFOLIO,54,50,frequency;gap_recency;hot_cold;deviation;markov_sequence;trend;zone_range;cooccurrence;pair_triple_structure;symbolic_temporal,historical_number_occurrence;historical_temporal_sequence;historical_cross_number_relationships;historical_within_draw_structure,conditional_entropy;mutual_information;ema;graph_rank;negative_exclusion;multi_window_grid,one_strategy_id;multi_source_internal_ensemble;fifty_four_native_tickets,biglotto_wave2_auto_discovery_30_function_family,YES,TECHNICALLY_AVAILABLE_WITH_NATIVE_CLOSURE_RISK,YES,"One strategy ID, 30 internal scoring functions, 54 method/window tickets; never count these as 30 production strategies."
legacy_biglotto__biglotto_2bet_final__7eaedb330a07,src/lottolab/strategies/adapters/biglotto_wave3.py,BigLottoTwoBetFinalAdapter,migration_task:BIGLOTTO_NATIVE_STRATEGY_WAVE3_R1,legacy_commit:49a25effa62fc24f40789c16be6f11bdfb41a4a9;legacy_source:lottery_api/models/biglotto_2bet_final.py;legacy_source:lottery_api/models/unified_predictor.py;legacy_symbol:BigLotto2BetOptimizerV3.predict_2bets_final;full_strategy_catalog_id:legacy_biglotto__biglotto_2bet_final__7eaedb330a07;migration_task:BIGLOTTO_NATIVE_STRATEGY_WAVE3_R1,PORTFOLIO,2,1,frequency;deviation;markov_sequence;pair_triple_structure,historical_number_occurrence;historical_temporal_sequence;historical_within_draw_structure,statistical_transform;weighted_method_vote,overlapping_top_pool_two_ticket_portfolio;portfolio_optimization,unified_prediction_engine_family;biglotto_wave3_shared_helpers,YES,TECHNICALLY_AVAILABLE,YES,Different pool/slice rules wrap the same deviation/Markov/statistical feeder family.
legacy_biglotto__biglotto_2bet_optimizer__898ac9e38876,src/lottolab/strategies/adapters/biglotto_wave3.py,BigLottoTwoBetOptimizerAdapter,migration_task:BIGLOTTO_NATIVE_STRATEGY_WAVE3_R1,legacy_commit:49a25effa62fc24f40789c16be6f11bdfb41a4a9;legacy_source:lottery_api/models/biglotto_2bet_optimizer.py;legacy_source:lottery_api/models/unified_predictor.py;legacy_symbol:BigLotto2BetOptimizer.predict_2bets;full_strategy_catalog_id:legacy_biglotto__biglotto_2bet_optimizer__898ac9e38876;migration_task:BIGLOTTO_NATIVE_STRATEGY_WAVE3_R1,PORTFOLIO,2,1,frequency;deviation;markov_sequence;pair_triple_structure,historical_number_occurrence;historical_temporal_sequence;historical_within_draw_structure,statistical_transform;weighted_method_vote,overlapping_top_pool_two_ticket_portfolio;portfolio_optimization,unified_prediction_engine_family;biglotto_wave3_shared_helpers,YES,TECHNICALLY_AVAILABLE,YES,Different pool/slice rules wrap the same deviation/Markov/statistical feeder family.
legacy_biglotto__biglotto_2bet_optimizer_v2__783226366ac3,src/lottolab/strategies/adapters/biglotto_wave3.py,BigLottoTwoBetOptimizerV2Adapter,migration_task:BIGLOTTO_NATIVE_STRATEGY_WAVE3_R1,legacy_commit:49a25effa62fc24f40789c16be6f11bdfb41a4a9;legacy_source:lottery_api/models/biglotto_2bet_optimizer_v2.py;legacy_source:lottery_api/models/unified_predictor.py;legacy_symbol:BigLotto2BetOptimizerV2.predict_2bets_optimized;full_strategy_catalog_id:legacy_biglotto__biglotto_2bet_optimizer_v2__783226366ac3;migration_task:BIGLOTTO_NATIVE_STRATEGY_WAVE3_R1,PORTFOLIO,2,1,frequency;deviation;markov_sequence;pair_triple_structure,historical_number_occurrence;historical_temporal_sequence;historical_within_draw_structure,statistical_transform;bayesian_transform;weighted_method_vote,overlapping_top_pool_two_ticket_portfolio;portfolio_optimization,unified_prediction_engine_family;biglotto_wave3_shared_helpers,YES,TECHNICALLY_AVAILABLE,YES,Adds Bayesian/frequency transforms but no new raw information beyond causal number history.
legacy_biglotto__biglotto_3bet_optimizer__2835d6cb20c5,src/lottolab/strategies/adapters/biglotto_wave4.py,BigLottoThreeBetOptimizerAdapter,migration_task:BIGLOTTO_NATIVE_STRATEGY_WAVE4_R1,legacy_commit:49a25effa62fc24f40789c16be6f11bdfb41a4a9;legacy_source:lottery_api/models/biglotto_3bet_optimizer.py;legacy_source:lottery_api/models/unified_predictor.py;legacy_source:tools/negative_selector.py;legacy_symbol:BigLotto3BetOptimizer.predict_3bets_diversified;full_strategy_catalog_id:legacy_biglotto__biglotto_3bet_optimizer__2835d6cb20c5;migration_task:BIGLOTTO_NATIVE_STRATEGY_WAVE4_R1,PORTFOLIO,3,1,frequency;deviation;markov_sequence;pair_triple_structure;hot_cold;gap_recency,historical_number_occurrence;historical_temporal_sequence;historical_within_draw_structure,statistical_transform;weighted_method_vote;negative_exclusion,three_overlapping_top18_slices;portfolio_optimization,unified_prediction_engine_family;negative_selector_family,YES,TECHNICALLY_AVAILABLE,YES,Base N-bet optimizer reused by later CAG/DCB/ASM/ECP wrappers.
legacy_biglotto__biglotto_tme_optimizer__62c6cb676bad,src/lottolab/strategies/adapters/biglotto_wave4.py,BigLottoTMEOptimizerAdapter,migration_task:BIGLOTTO_NATIVE_STRATEGY_WAVE4_R1,legacy_commit:49a25effa62fc24f40789c16be6f11bdfb41a4a9;legacy_source:lottery_api/models/biglotto_tme_optimizer.py;legacy_source:lottery_api/models/unified_predictor.py;legacy_symbol:BigLottoTMEOptimizer.predict_4bets;full_strategy_catalog_id:legacy_biglotto__biglotto_tme_optimizer__62c6cb676bad;migration_task:BIGLOTTO_NATIVE_STRATEGY_WAVE4_R1,PORTFOLIO,4,1,frequency;deviation;markov_sequence;hot_cold;pair_triple_structure,historical_number_occurrence;historical_temporal_sequence;historical_within_draw_structure,statistical_transform;method_separation,one_ticket_per_method_four_ticket_portfolio,unified_prediction_engine_family,YES,TECHNICALLY_AVAILABLE,YES,Four tickets expose four transforms of the same historical draw stream.
legacy_biglotto__optimized_ensemble__e05e0fde22d7,src/lottolab/strategies/adapters/biglotto_wave4.py,BigLottoOptimizedEnsembleAdapter,migration_task:BIGLOTTO_NATIVE_STRATEGY_WAVE4_R1,legacy_commit:49a25effa62fc24f40789c16be6f11bdfb41a4a9;legacy_source:lottery_api/models/optimized_ensemble.py;legacy_symbol:OptimizedEnsemblePredictor.predict;full_strategy_catalog_id:legacy_biglotto__optimized_ensemble__e05e0fde22d7;migration_task:BIGLOTTO_NATIVE_STRATEGY_WAVE4_R1,SINGLE_TICKET,1,1,frequency;trend;gap_recency;symbolic_temporal,historical_number_occurrence;historical_state_or_regime_sequence,momentum;entropy;lag_reversion;roi_weighted_ensemble,ranked_single_ticket,biglotto_wave4_optimized_ensemble_helpers,YES,TECHNICALLY_AVAILABLE,YES,"Distinct transform stack, but all inputs remain the same historical number stream."
legacy_biglotto__predict_biglotto_115000007_2bets__3dc7842c0511,src/lottolab/strategies/adapters/biglotto_wave4.py,BigLottoTwoBetElitePredictorAdapter,migration_task:BIGLOTTO_NATIVE_STRATEGY_WAVE4_R1,legacy_commit:49a25effa62fc24f40789c16be6f11bdfb41a4a9;legacy_source:tools/predict_biglotto_115000007_2bets.py;legacy_source:lottery_api/models/unified_predictor.py;legacy_source:tools/negative_selector.py;legacy_symbol:BigLotto2BetOptimizer.predict_2bets;full_strategy_catalog_id:legacy_biglotto__predict_biglotto_115000007_2bets__3dc7842c0511;migration_task:BIGLOTTO_NATIVE_STRATEGY_WAVE4_R1,PORTFOLIO,2,1,frequency;deviation;markov_sequence;zone_range;hot_cold;gap_recency;pair_triple_structure,historical_number_occurrence;historical_temporal_sequence;historical_within_draw_structure,statistical_transform;weighted_method_vote;negative_exclusion,disjoint_top20_slices;portfolio_optimization,unified_prediction_engine_family;negative_selector_family,YES,TECHNICALLY_AVAILABLE,YES,A five-engine wrapper plus kill filtering; mostly shared-engine lineage.
legacy_biglotto__predict_biglotto_6bets_cluster__1fd9e8a7ae2a,src/lottolab/strategies/adapters/biglotto_wave5.py,BigLottoSixBetClusterAdapter,migration_task:BIGLOTTO_NATIVE_STRATEGY_WAVE5_R1,legacy_commit:49a25effa62fc24f40789c16be6f11bdfb41a4a9;legacy_source:tools/predict_biglotto_6bets_cluster.py;legacy_source_sha256:1fd9e8a7ae2ae9f19b97cb68cde009bce3962d8344a24f9bf07e15cc803abde3;legacy_symbol:BigLottoClusterPivotPredictor.generate_bets;full_strategy_catalog_id:legacy_biglotto__predict_biglotto_6bets_cluster__1fd9e8a7ae2a;migration_task:BIGLOTTO_NATIVE_STRATEGY_WAVE5_R1,PORTFOLIO,6,1,cooccurrence;pair_triple_structure,historical_cross_number_relationships,cluster_pivot;anchor_expansion,multi_anchor_diversified_cluster_portfolio,biglotto_wave5_cluster_helpers,NO,TECHNICALLY_AVAILABLE_WITH_NATIVE_CLOSURE_RISK,NO,Six- and seven-ticket IDs share one Cluster-Pivot producer; ticket count is the main difference.
legacy_biglotto__predict_biglotto_7bets_cluster__8f55b5d94669,src/lottolab/strategies/adapters/biglotto_wave5.py,BigLottoSevenBetClusterAdapter,migration_task:BIGLOTTO_NATIVE_STRATEGY_WAVE5_R1,legacy_commit:49a25effa62fc24f40789c16be6f11bdfb41a4a9;legacy_source:tools/predict_biglotto_7bets_cluster.py;legacy_source_sha256:8f55b5d94669543524eef58d65598213097357925a8f982c84ae7614fa85a735;legacy_symbol:BigLottoClusterPivotPredictor.generate_bets;full_strategy_catalog_id:legacy_biglotto__predict_biglotto_7bets_cluster__8f55b5d94669;migration_task:BIGLOTTO_NATIVE_STRATEGY_WAVE5_R1,PORTFOLIO,7,1,cooccurrence;pair_triple_structure,historical_cross_number_relationships,cluster_pivot;anchor_expansion,multi_anchor_diversified_cluster_portfolio,biglotto_wave5_cluster_helpers,NO,TECHNICALLY_AVAILABLE_WITH_NATIVE_CLOSURE_RISK,NO,Six- and seven-ticket IDs share one Cluster-Pivot producer; ticket count is the main difference.
legacy_biglotto__predict_biglotto_echo_2bet__59c20b25b1fa,src/lottolab/strategies/adapters/biglotto_wave5.py,BigLottoEchoTwoBetAdapter,migration_task:BIGLOTTO_NATIVE_STRATEGY_WAVE5_R1,legacy_commit:49a25effa62fc24f40789c16be6f11bdfb41a4a9;legacy_source:tools/predict_biglotto_echo_2bet.py;legacy_source_sha256:59c20b25b1fa59ef9edad2a6a6c031321bfbafea7752351c692ab5cfa2fa6620;legacy_symbol:echo_aware_deviation_2bet;full_strategy_catalog_id:legacy_biglotto__predict_biglotto_echo_2bet__59c20b25b1fa;migration_task:BIGLOTTO_NATIVE_STRATEGY_WAVE5_R1,PORTFOLIO,2,1,frequency;hot_cold;gap_recency;markov_sequence,historical_number_occurrence;historical_temporal_sequence,temperature_score;fixed_echo_weight,hot_then_disjoint_cold_two_ticket_portfolio,biglotto_wave1_echo_helpers;biglotto_wave5_echo_wrapper,YES,TECHNICALLY_AVAILABLE,YES,A fixed-weight sibling of the adaptive echo family.
legacy_biglotto__predict_biglotto_elite7__eb46a9856446,src/lottolab/strategies/adapters/biglotto_wave5.py,BigLottoEliteSevenAdapter,migration_task:BIGLOTTO_NATIVE_STRATEGY_WAVE5_R1,legacy_commit:49a25effa62fc24f40789c16be6f11bdfb41a4a9;legacy_source:tools/predict_biglotto_elite7.py;legacy_source:lottery_api/models/unified_predictor.py;legacy_source_sha256:eb46a985644626a796640ef0fd9913c340f4c9780a694824029f5083ed1b833a;legacy_symbol:predict_7bet_optimized;full_strategy_catalog_id:legacy_biglotto__predict_biglotto_elite7__eb46a9856446;migration_task:BIGLOTTO_NATIVE_STRATEGY_WAVE5_R1,PORTFOLIO,7,1,frequency;deviation;markov_sequence;pair_triple_structure,historical_number_occurrence;historical_temporal_sequence;historical_within_draw_structure,statistical_transform;multi_window_sweep;consensus_ensemble,six_method_window_tickets_plus_consensus,unified_prediction_engine_family;biglotto_wave5_wrapper,YES,TECHNICALLY_AVAILABLE_WITH_NATIVE_CLOSURE_RISK,YES,Six Unified method/window variants plus one consensus ticket.
legacy_biglotto__research_variant_history__149648f9fffc,src/lottolab/strategies/adapters/biglotto_wave5.py,BigLottoVariantHistoryAdapter,migration_task:BIGLOTTO_NATIVE_STRATEGY_WAVE5_R1,legacy_commit:49a25effa62fc24f40789c16be6f11bdfb41a4a9;legacy_source:tools/research_variant_history.py;legacy_source:lottery_api/models/unified_predictor.py;legacy_source_sha256:149648f9fffcd0e6e9b5f89c2ab58ce5c1171ad75a5b7ed9f336469e710e8d68;legacy_symbol:analyze_variants;full_strategy_catalog_id:legacy_biglotto__research_variant_history__149648f9fffc;migration_task:BIGLOTTO_NATIVE_STRATEGY_WAVE5_R1,PORTFOLIO,11,20,frequency;deviation;markov_sequence;zone_range;pair_triple_structure,historical_number_occurrence;historical_temporal_sequence;historical_within_draw_structure,statistical_transform;multi_window_sweep,eleven_method_window_variant_portfolio,unified_prediction_engine_family;biglotto_wave5_wrapper,YES,TECHNICALLY_AVAILABLE,YES,Eleven transforms/windows; no independent external information source.
legacy_biglotto__auto_optimizer_alpha__7eaa9572e384,src/lottolab/strategies/adapters/biglotto_wave6.py,BigLottoAutoOptimizerAlphaAdapter,migration_task:BIGLOTTO_NATIVE_STRATEGY_WAVE6_R1,legacy_commit:49a25effa62fc24f40789c16be6f11bdfb41a4a9;legacy_source:tools/auto_optimizer_alpha.py;legacy_source:lottery_api/models/unified_predictor.py;legacy_source_sha256:7eaa9572e3848fdf8fbcb66dbade25f653bf25a7fe7c4be95b6e9d2f8df1d61d;legacy_symbol:AutoOptimizer.generate_strategy_space;full_strategy_catalog_id:legacy_biglotto__auto_optimizer_alpha__7eaa9572e384;migration_task:BIGLOTTO_NATIVE_STRATEGY_WAVE6_R1,PORTFOLIO,25,1,frequency;deviation;trend;zone_range,historical_number_occurrence;historical_number_occurrence_time_weighting,bayesian_transform;five_method_five_window_grid,twenty_five_method_window_ticket_portfolio,unified_prediction_engine_family,YES,TECHNICALLY_AVAILABLE,YES,Twenty-five tickets are a method/window grid over four occurrence-derived dimensions.
legacy_biglotto__backtest_10bet_biglotto__054e85b088be,src/lottolab/strategies/adapters/biglotto_wave6.py,BigLottoTenBetBacktestAdapter,migration_task:BIGLOTTO_NATIVE_STRATEGY_WAVE6_R1,legacy_commit:49a25effa62fc24f40789c16be6f11bdfb41a4a9;legacy_source:tools/backtest_10bet_biglotto.py;legacy_source:lottery_api/models/unified_predictor.py;legacy_source_sha256:054e85b088bec0827318b2442255dee961fa3e9ca8b08b87cc2d5b4cfcb669f2;legacy_symbol:main;full_strategy_catalog_id:legacy_biglotto__backtest_10bet_biglotto__054e85b088be;migration_task:BIGLOTTO_NATIVE_STRATEGY_WAVE6_R1,PORTFOLIO,10,1,frequency;deviation;markov_sequence;trend;hot_cold;pair_triple_structure,historical_number_occurrence;historical_temporal_sequence;historical_within_draw_structure,statistical_transform;bayesian_transform;ewma,seven_unified_tickets_plus_three_ewma_tickets,unified_prediction_engine_family,YES,TECHNICALLY_AVAILABLE,YES,Ten tickets remain transformations of the same causal draw history.
legacy_biglotto__test_tme__f3bb5106dfe3,src/lottolab/strategies/adapters/biglotto_wave6.py,BigLottoTmeThreeAdapter,migration_task:BIGLOTTO_NATIVE_STRATEGY_WAVE6_R1,legacy_commit:49a25effa62fc24f40789c16be6f11bdfb41a4a9;legacy_source:tools/test_tme.py;legacy_source:lottery_api/models/unified_predictor.py;legacy_source_sha256:f3bb5106dfe3f255bc84317169fb5fbafa653a97c2977b66cb12a49eab07891c;legacy_symbol:TMEOptimizer.predict_3bets_tme;full_strategy_catalog_id:legacy_biglotto__test_tme__f3bb5106dfe3;migration_task:BIGLOTTO_NATIVE_STRATEGY_WAVE6_R1,PORTFOLIO,3,1,frequency;deviation;markov_sequence;pair_triple_structure,historical_number_occurrence;historical_temporal_sequence;historical_within_draw_structure,statistical_transform;method_separation,three_independent_method_tickets,unified_prediction_engine_family,YES,TECHNICALLY_AVAILABLE,YES,Statistical/deviation/Markov positions from the shared engine family.
legacy_biglotto__verify_gemini_2bet_claim__d5ca233aa776,src/lottolab/strategies/adapters/biglotto_wave6.py,BigLottoGeminiTwoBetVerifierAdapter,migration_task:BIGLOTTO_NATIVE_STRATEGY_WAVE6_R1,legacy_commit:49a25effa62fc24f40789c16be6f11bdfb41a4a9;legacy_source:tools/verify_gemini_2bet_claim.py;legacy_source:lottery_api/models/unified_predictor.py;legacy_source_sha256:d5ca233aa776d257c12b0f07e6d68205c5126b05759c39cf00e8ce8314062df3;legacy_symbol:generate_2bet_v1;full_strategy_catalog_id:legacy_biglotto__verify_gemini_2bet_claim__d5ca233aa776;migration_task:BIGLOTTO_NATIVE_STRATEGY_WAVE6_R1,PORTFOLIO,2,50,frequency;deviation;markov_sequence;pair_triple_structure,historical_number_occurrence;historical_temporal_sequence;historical_within_draw_structure,statistical_transform;weighted_method_vote,overlapping_top12_two_ticket_slices,unified_prediction_engine_family,YES,TECHNICALLY_AVAILABLE,YES,Another N-bet wrapper over deviation/Markov/statistical outputs.
legacy_biglotto__predict_5me_115000004__8a1c06ce1bdd,src/lottolab/strategies/adapters/biglotto_wave7.py,BigLottoFiveMeAdapter,migration_task:BIGLOTTO_NATIVE_STRATEGY_WAVE7_R1,legacy_commit:49a25effa62fc24f40789c16be6f11bdfb41a4a9;legacy_source:tools/predict_5me_115000004.py;legacy_source:lottery_api/models/unified_predictor.py;legacy_source_sha256:8a1c06ce1bddb2ab605ad00e95503d1f6bea35b102ad5c39559eb1cf4c5e5782;legacy_symbol:main;full_strategy_catalog_id:legacy_biglotto__predict_5me_115000004__8a1c06ce1bdd;migration_task:BIGLOTTO_NATIVE_STRATEGY_WAVE7_R1,PORTFOLIO,5,1,frequency;deviation;markov_sequence;hot_cold;trend;pair_triple_structure,historical_number_occurrence;historical_temporal_sequence;historical_within_draw_structure,statistical_transform;method_separation,five_independent_method_tickets,unified_prediction_engine_family,YES,TECHNICALLY_AVAILABLE,YES,"Five methods, one shared historical input family."
legacy_biglotto__predict_big_lotto_smart_2bet__7acdaab1bd0a,src/lottolab/strategies/adapters/biglotto_wave7.py,BigLottoSmartTwoBetAdapter,migration_task:BIGLOTTO_NATIVE_STRATEGY_WAVE7_R1,legacy_commit:49a25effa62fc24f40789c16be6f11bdfb41a4a9;legacy_source:tools/predict_big_lotto_smart_2bet.py;legacy_source:lottery_api/models/unified_predictor.py;legacy_source_sha256:7acdaab1bd0afea2dd270e225335c25ccdb26594ce788902f2752b5e41801ede;legacy_symbol:main;full_strategy_catalog_id:legacy_biglotto__predict_big_lotto_smart_2bet__7acdaab1bd0a;migration_task:BIGLOTTO_NATIVE_STRATEGY_WAVE7_R1,PORTFOLIO,2,1,frequency;deviation,historical_number_occurrence,true_frequency_rank;deviation_transform,conservative_plus_aggressive_two_ticket_portfolio,unified_prediction_engine_family;biglotto_wave7_true_frequency,NO,TECHNICALLY_AVAILABLE,YES,"Two transforms of occurrence counts, not two independent information sources."
legacy_biglotto__verify_gemini_phase2_claim__6407a8f39519,src/lottolab/strategies/adapters/biglotto_wave7.py,BigLottoGeminiPhaseTwoVerifierAdapter,migration_task:BIGLOTTO_NATIVE_STRATEGY_WAVE7_R1,legacy_commit:49a25effa62fc24f40789c16be6f11bdfb41a4a9;legacy_source:tools/verify_gemini_phase2_claim.py;legacy_source_sha256:6407a8f3951913fcd2de6b98046305defd377739e67d7f37b53884f81964b480;legacy_symbol:generate_7_bets;full_strategy_catalog_id:legacy_biglotto__verify_gemini_phase2_claim__6407a8f39519;migration_task:BIGLOTTO_NATIVE_STRATEGY_WAVE7_R1,PORTFOLIO,7,100,frequency;gap_recency;deviation;markov_sequence;trend;hot_cold,historical_number_occurrence;historical_temporal_sequence,statistical_transform;bayesian_transform;seven_method_variant,one_ticket_per_method_seven_ticket_portfolio,local_gemini_reimplementation_of_unified_family,YES,TECHNICALLY_AVAILABLE,YES,Local claim-verifier variants mirror the Unified family without adding external information.
legacy_biglotto__attention_replay_predictor__a811e2eb8215,src/lottolab/strategies/adapters/biglotto_wave7.py,BigLottoAttentionReplayAdapter,migration_task:BIGLOTTO_NATIVE_STRATEGY_WAVE7_R1,legacy_commit:49a25effa62fc24f40789c16be6f11bdfb41a4a9;legacy_source:ai_lab/scripts/attention_replay_predictor.py;legacy_source_sha256:a811e2eb821506396cad2c739c90f05184792bd57b09bf6808e996afbace94fc;legacy_symbol:predict_next_draw;frozen_semantics:model_logits_ignored_fixed_recency_weights;full_strategy_catalog_id:legacy_biglotto__attention_replay_predictor__a811e2eb8215;migration_task:BIGLOTTO_NATIVE_STRATEGY_WAVE7_R1,SINGLE_TICKET,1,1,frequency;trend,historical_number_occurrence,fifteen_draw_recency_weighting,ranked_single_ticket,biglotto_wave7_attention_weights,NO,TECHNICALLY_AVAILABLE,YES,A recency-weighted frequency transform.
legacy_biglotto__predict_biglotto_115000002_zone_balance__8febca575f5d,src/lottolab/strategies/adapters/biglotto_wave7.py,BigLottoZoneBalanceFiveAdapter,migration_task:BIGLOTTO_NATIVE_STRATEGY_WAVE7_R1,legacy_commit:49a25effa62fc24f40789c16be6f11bdfb41a4a9;legacy_source:predict_biglotto_115000002_zone_balance.py;legacy_source:lottery_api/models/unified_predictor.py;legacy_source_sha256:8febca575f5d61b28095b1a27ff92b9717f74da88dd810ec0837fabba9033d02;legacy_symbol:main;full_strategy_catalog_id:legacy_biglotto__predict_biglotto_115000002_zone_balance__8febca575f5d;migration_task:BIGLOTTO_NATIVE_STRATEGY_WAVE7_R1,PORTFOLIO,5,1,frequency;zone_range;trend,historical_number_occurrence;historical_within_draw_structure,dynamic_frequency_ranked_zones;multi_window_sweep,main500_plus_four_comparison_tickets,unified_prediction_engine_family;biglotto_wave7_zone_balance_variant,NO,TECHNICALLY_AVAILABLE,YES,Five windows of one dynamic zone/frequency method.
legacy_biglotto__test_ces__78d17c530ab8,src/lottolab/strategies/adapters/biglotto_wave8.py,BigLottoCesThreeAdapter,migration_task:BIGLOTTO_REHABILITATION_CES_DMS_GREEDY_MWSC_R1,legacy_commit:49a25effa62fc24f40789c16be6f11bdfb41a4a9;legacy_source:tools/test_ces.py;legacy_source_sha256:78d17c530ab8cacf25146c5c39cb4017e3a3ffacde90a4e14ae07a8026b0bc22;legacy_symbol:test_ces;native_helper:lottolab.application.legacy_source_native_portfolios_wave26;full_strategy_catalog_id:legacy_biglotto__test_ces__78d17c530ab8;migration_task:BIGLOTTO_REHABILITATION_CES_DMS_GREEDY_MWSC_R1,PORTFOLIO,3,1,frequency;deviation;markov_sequence;hot_cold;pair_triple_structure,historical_number_occurrence;historical_temporal_sequence;historical_within_draw_structure,statistical_transform;weighted_method_vote;negative_exclusion;constraint_scoring,three_low_overlap_constrained_top20_combinations;diversification,wave26_frozen_unified_core_indirect;negative_selector_family,YES,TECHNICALLY_AVAILABLE_WITH_NATIVE_CLOSURE_RISK,YES,Wave 8 adapter delegates to the Wave 26 frozen Unified authority.
legacy_biglotto__test_dms__b63442289bd5,src/lottolab/strategies/adapters/biglotto_wave8.py,BigLottoDmsThreeAdapter,migration_task:BIGLOTTO_REHABILITATION_CES_DMS_GREEDY_MWSC_R1,legacy_commit:49a25effa62fc24f40789c16be6f11bdfb41a4a9;legacy_source:tools/test_dms.py;legacy_source_sha256:b63442289bd5862955075bdea70bc682e16b2fe885190d16367b7b2987234dd1;legacy_symbol:test_dms;native_helper:lottolab.application.legacy_source_native_portfolios_wave26;full_strategy_catalog_id:legacy_biglotto__test_dms__b63442289bd5;migration_task:BIGLOTTO_REHABILITATION_CES_DMS_GREEDY_MWSC_R1,PORTFOLIO,3,20,frequency;deviation;markov_sequence;trend;zone_range;hot_cold;pair_triple_structure;historical_feedback,historical_number_occurrence;historical_temporal_sequence;historical_within_draw_structure;historical_method_hit_feedback,statistical_transform;bayesian_transform;rolling_method_audit,top_three_historically_selected_method_tickets,wave26_frozen_unified_core_indirect,YES,TECHNICALLY_AVAILABLE,YES,"Method selection is distinct feedback, but all candidate methods consume the shared causal draw stream."
legacy_biglotto__test_greedy_optimizer__82df7f878ece,src/lottolab/strategies/adapters/biglotto_wave8.py,BigLottoGreedyThreeAdapter,migration_task:BIGLOTTO_REHABILITATION_CES_DMS_GREEDY_MWSC_R1,legacy_commit:49a25effa62fc24f40789c16be6f11bdfb41a4a9;legacy_source:tools/test_greedy_optimizer.py;legacy_source_sha256:82df7f878ece8f9daa86b3efc1208dd85440bab8a241308fcf7a2d14c7cd6db6;legacy_symbol:test_greedy;native_helper:lottolab.application.legacy_source_native_portfolios_wave26;full_strategy_catalog_id:legacy_biglotto__test_greedy_optimizer__82df7f878ece;migration_task:BIGLOTTO_REHABILITATION_CES_DMS_GREEDY_MWSC_R1,PORTFOLIO,3,1,frequency;deviation;markov_sequence;pair_triple_structure;cooccurrence,historical_number_occurrence;historical_temporal_sequence;historical_within_draw_structure;historical_cross_number_relationships,statistical_transform;weighted_method_vote;negative_exclusion;greedy_constraint_score,three_diversity_greedy_top18_combinations;diversification,wave26_frozen_unified_core_indirect;negative_selector_family,YES,TECHNICALLY_AVAILABLE_WITH_NATIVE_CLOSURE_RISK,YES,Co-occurrence influences ticket construction after a shared-engine top-18 pool.
legacy_biglotto__test_mwsc__ba37643d6a3b,src/lottolab/strategies/adapters/biglotto_wave8.py,BigLottoMwscThreeAdapter,migration_task:BIGLOTTO_REHABILITATION_CES_DMS_GREEDY_MWSC_R1,legacy_commit:49a25effa62fc24f40789c16be6f11bdfb41a4a9;legacy_source:tools/test_mwsc.py;legacy_source_sha256:ba37643d6a3b533d1e61dadf91f040e667d088e95a5163007d568931bcdc6033;legacy_symbol:test_mwsc;native_helper:lottolab.application.legacy_source_native_portfolios_wave26;full_strategy_catalog_id:legacy_biglotto__test_mwsc__ba37643d6a3b;migration_task:BIGLOTTO_REHABILITATION_CES_DMS_GREEDY_MWSC_R1,PORTFOLIO,3,1,frequency;deviation;markov_sequence;pair_triple_structure,historical_number_occurrence;historical_temporal_sequence;historical_within_draw_structure,statistical_transform;multi_window_consensus;negative_exclusion,three_overlapping_consensus_top18_slices,wave26_frozen_unified_core_indirect;negative_selector_family,YES,TECHNICALLY_AVAILABLE,YES,"Four windows multiply transforms, not source independence."
legacy_biglotto__test_cag__7ca5343dfedd,src/lottolab/strategies/adapters/biglotto_wave9.py,BigLottoCagAdapter,migration_task:BIGLOTTO_NATIVE_STRATEGY_WAVE9_CAG_CLUSTER_ZDP_R1,legacy_commit:49a25effa62fc24f40789c16be6f11bdfb41a4a9;legacy_source:tools/test_cag.py;legacy_source:lottery_api/models/biglotto_3bet_optimizer.py;legacy_source:lottery_api/models/unified_predictor.py;legacy_source:tools/negative_selector.py;legacy_source_sha256:7ca5343dfedd506f06277efc2ee4a45e61b4cc96722736dd28a93a085c7d7cec;legacy_symbol:CAGOptimizer.predict_3bets_cag;full_strategy_catalog_id:legacy_biglotto__test_cag__7ca5343dfedd;migration_task:BIGLOTTO_NATIVE_STRATEGY_WAVE9_CAG_CLUSTER_ZDP_R1,PORTFOLIO,3,1,frequency;deviation;markov_sequence;hot_cold;gap_recency;cooccurrence;pair_triple_structure,historical_number_occurrence;historical_temporal_sequence;historical_cross_number_relationships;historical_within_draw_structure,statistical_transform;weighted_method_vote;negative_exclusion;cooccurrence_anchor_rank,three_anchor_grouped_tickets,unified_prediction_engine_family;negative_selector_family;biglotto_wave9_cooccurrence,YES,TECHNICALLY_AVAILABLE,YES,Adds relationship-based construction to the same base top-18 engine pool.
legacy_biglotto__test_cluster_cover__5b43959e7c55,src/lottolab/strategies/adapters/biglotto_wave9.py,BigLottoClusterCoverAdapter,migration_task:BIGLOTTO_NATIVE_STRATEGY_WAVE9_CAG_CLUSTER_ZDP_R1,legacy_commit:49a25effa62fc24f40789c16be6f11bdfb41a4a9;legacy_source:tools/test_cluster_cover.py;legacy_source:lottery_api/models/biglotto_3bet_optimizer.py;legacy_source:lottery_api/models/unified_predictor.py;legacy_source:tools/negative_selector.py;legacy_source_sha256:5b43959e7c55d9590e858ac51a5d6fd361e4bf71e519b1f4d3fee6dba071feeb;legacy_symbol:ClusterCoverOptimizer.predict_3bets_cluster_cover;full_strategy_catalog_id:legacy_biglotto__test_cluster_cover__5b43959e7c55;migration_task:BIGLOTTO_NATIVE_STRATEGY_WAVE9_CAG_CLUSTER_ZDP_R1,PORTFOLIO,3,1,frequency;deviation;markov_sequence;hot_cold;gap_recency;cooccurrence;pair_triple_structure,historical_number_occurrence;historical_temporal_sequence;historical_cross_number_relationships;historical_within_draw_structure,statistical_transform;weighted_method_vote;negative_exclusion;cooccurrence_cluster_fill,three_round_robin_cluster_cover_tickets;diversification,unified_prediction_engine_family;negative_selector_family;biglotto_wave9_cooccurrence,YES,TECHNICALLY_AVAILABLE,YES,"Cluster construction differs, but its candidate pool is the base shared-engine optimizer."
legacy_biglotto__test_zdp__e80cc7e95453,src/lottolab/strategies/adapters/biglotto_wave9.py,BigLottoZdpAdapter,migration_task:BIGLOTTO_NATIVE_STRATEGY_WAVE9_CAG_CLUSTER_ZDP_R1,legacy_commit:49a25effa62fc24f40789c16be6f11bdfb41a4a9;legacy_source:tools/test_zdp.py;legacy_source:lottery_api/models/biglotto_3bet_optimizer.py;legacy_source:lottery_api/models/unified_predictor.py;legacy_source:tools/negative_selector.py;legacy_source_sha256:e80cc7e954534e34095d413bb1db763ca6208b5a159dd9cffaa351a4eaf7337b;legacy_symbol:ZDPOptimizer.predict_3bets_zdp;full_strategy_catalog_id:legacy_biglotto__test_zdp__e80cc7e95453;migration_task:BIGLOTTO_NATIVE_STRATEGY_WAVE9_CAG_CLUSTER_ZDP_R1,PORTFOLIO,3,1,frequency;deviation;markov_sequence;hot_cold;gap_recency;zone_range;pair_triple_structure,historical_number_occurrence;historical_temporal_sequence;historical_within_draw_structure,statistical_transform;weighted_method_vote;negative_exclusion;zonal_density_protection,three_heavy_zone_configurations;seeded_fallback,unified_prediction_engine_family;negative_selector_family,YES,TECHNICALLY_AVAILABLE,YES,Zone allocation is a construction layer over a shared-engine candidate pool.
legacy_biglotto__enhanced_dual_bet_predictor__d5b3de348d01,src/lottolab/strategies/adapters/biglotto_wave10.py,BigLottoEnhancedDualBetAdapter,migration_task:BIGLOTTO_NATIVE_STRATEGY_WAVE10_DETERMINISTIC_SET_R1,legacy_commit:49a25effa62fc24f40789c16be6f11bdfb41a4a9;legacy_source:lottery_api/models/enhanced_dual_bet_predictor.py;legacy_source:lottery_api/models/unified_predictor.py;legacy_source:lottery_api/models/negative_selector.py;legacy_source_sha256:d5b3de348d01164c2e0079ec207c1a590c44b935217f81dfc9d704a825e50957;legacy_symbol:EnhancedDualBetPredictor.predict;full_strategy_catalog_id:legacy_biglotto__enhanced_dual_bet_predictor__d5b3de348d01;migration_task:BIGLOTTO_NATIVE_STRATEGY_WAVE10_DETERMINISTIC_SET_R1,PORTFOLIO,2,100,frequency;zone_range;hot_cold;gap_recency,historical_number_occurrence;historical_within_draw_structure,bayesian_transform;negative_exclusion,zone_balance_plus_bayesian_two_ticket_portfolio,unified_prediction_engine_family;negative_selector_family,YES,TECHNICALLY_AVAILABLE,YES,Two engine outputs share one negative-selection filter.
legacy_biglotto__biglotto_diversified_ensemble_v6__8caaac8fcb5d,src/lottolab/strategies/adapters/biglotto_wave10.py,BigLottoDiversifiedEnsembleV6Adapter,migration_task:BIGLOTTO_NATIVE_STRATEGY_WAVE10_DETERMINISTIC_SET_R1,legacy_commit:49a25effa62fc24f40789c16be6f11bdfb41a4a9;legacy_source:tools/biglotto_diversified_ensemble_v6.py;legacy_source:lottery_api/models/unified_predictor.py;legacy_source:lottery_api/models/biglotto_graph.py;legacy_source:lottery_api/models/feature_analyzer.py;legacy_source_sha256:8caaac8fcb5d1976174e6def13bf01d47e0fb00edb6d555d838c662bb5daaf2d;legacy_symbol:DiversifiedEnsemble.predict_3bets;full_strategy_catalog_id:legacy_biglotto__biglotto_diversified_ensemble_v6__8caaac8fcb5d;migration_task:BIGLOTTO_NATIVE_STRATEGY_WAVE10_DETERMINISTIC_SET_R1,PORTFOLIO,3,1,frequency;hot_cold;cooccurrence;pair_triple_structure;symbolic_temporal,historical_number_occurrence;historical_cross_number_relationships;historical_within_draw_structure;historical_state_or_regime_sequence,bayesian_transform;graph_centrality;entropy_validation;regime_detection,consensus_synergy_disruptor_three_ticket_portfolio;diversification,unified_prediction_engine_family;biglotto_graph_family;feature_analyzer_family,YES,TECHNICALLY_AVAILABLE,NO,"One of the broader nontrivial ensembles, though all inputs remain historical draw outcomes."
legacy_biglotto__backtest_strategy_1__41ed79a6de62,src/lottolab/strategies/adapters/biglotto_wave10.py,BigLottoBacktestStrategy1Adapter,migration_task:BIGLOTTO_NATIVE_STRATEGY_WAVE10_DETERMINISTIC_SET_R1,legacy_commit:49a25effa62fc24f40789c16be6f11bdfb41a4a9;legacy_source:tools/backtest_strategy_1.py;legacy_source:lottery_api/models/unified_predictor.py;legacy_source_sha256:41ed79a6de6255bee0f5197bb6df1b75c2e417e006d165bd6feaa9dcfff842f3;legacy_symbol:PostSelectionBacktester.run;full_strategy_catalog_id:legacy_biglotto__backtest_strategy_1__41ed79a6de62;migration_task:BIGLOTTO_NATIVE_STRATEGY_WAVE10_DETERMINISTIC_SET_R1,PORTFOLIO,2,1,frequency;hot_cold;gap_recency;zone_range,historical_number_occurrence;historical_within_draw_structure,danger_filter;zone_balance_retry,frequency_plus_zone_two_ticket_portfolio,unified_prediction_engine_family;negative_selector_family,YES,TECHNICALLY_AVAILABLE,YES,"Post-selection filtering changes construction, not the underlying occurrence data."
legacy_biglotto__core_satellite__611284461323,src/lottolab/strategies/adapters/biglotto_wave11.py,BigLottoCoreSatelliteRandomNativeAdapter,migration_task:BIGLOTTO_WAVE11_R1_THREE_RANDOM_NATIVE_ADAPTERS,legacy_commit:49a25effa62fc24f40789c16be6f11bdfb41a4a9;legacy_source:lottery_api/models/core_satellite.py;legacy_source_sha256:611284461323dbbca0b5959498bf3f0e86bfaa35c4b902fdb64aabfe5076a6e2;legacy_symbol:generate_legacy_random_native_portfolio;full_strategy_catalog_id:legacy_biglotto__core_satellite__611284461323;migration_task:BIGLOTTO_WAVE11_R1_THREE_RANDOM_NATIVE_ADAPTERS,PORTFOLIO,3,1,other_outcome_blind_randomness,outcome_blind_randomness,causal_identity_seed;random_shuffle,shared_core_disjoint_satellite_three_ticket_portfolio,biglotto_wave11_random_native_helpers,NO,TECHNICALLY_AVAILABLE,NO,"Never reads historical number content; this is construction diversity, not predictive information."
legacy_biglotto__zone_split__b6144f9d479f,src/lottolab/strategies/adapters/biglotto_wave11.py,BigLottoZoneSplitRandomNativeAdapter,migration_task:BIGLOTTO_WAVE11_R1_THREE_RANDOM_NATIVE_ADAPTERS,legacy_commit:49a25effa62fc24f40789c16be6f11bdfb41a4a9;legacy_source:lottery_api/models/zone_split.py;legacy_source_sha256:b6144f9d479feded3746d81e0d5682e7cfb28ba8d8aa03ff65f3706649996211;legacy_symbol:generate_legacy_random_native_portfolio;full_strategy_catalog_id:legacy_biglotto__zone_split__b6144f9d479f;migration_task:BIGLOTTO_WAVE11_R1_THREE_RANDOM_NATIVE_ADAPTERS,PORTFOLIO,3,1,zone_range;other_outcome_blind_randomness,outcome_blind_structural_prior,causal_identity_seed;fixed_zone_geometry,random_native_three_zone_ticket_portfolio,biglotto_wave11_random_native_helpers,NO,TECHNICALLY_AVAILABLE,NO,Never reads historical number content; zones constrain a seeded random portfolio.
legacy_biglotto__big_lotto_exhaustive_audit__694d353b7ca2,src/lottolab/strategies/adapters/biglotto_wave11.py,BigLottoExhaustiveAuditAdapter,migration_task:BIGLOTTO_WAVE11_R1_THREE_RANDOM_NATIVE_ADAPTERS,legacy_commit:49a25effa62fc24f40789c16be6f11bdfb41a4a9;legacy_source:tools/big_lotto_exhaustive_audit.py;legacy_source_sha256:694d353b7ca230af6a860f5ef8977fdecbab031a30ad4e6c51b3d0c0f98b910c;legacy_symbol:generate_legacy_history_native_portfolio;full_strategy_catalog_id:legacy_biglotto__big_lotto_exhaustive_audit__694d353b7ca2;migration_task:BIGLOTTO_WAVE11_R1_THREE_RANDOM_NATIVE_ADAPTERS,PORTFOLIO,3,50,frequency;hot_cold,historical_number_occurrence,trailing50_rank,sampled_hot_cold_orthogonal_three_ticket_portfolio;diversification,biglotto_wave11_history_native_helpers,NO,TECHNICALLY_AVAILABLE,YES,"Random sampling occurs after hot/cold pools are defined; it is construction, not a new signal."
legacy_biglotto__social_wisdom_predictor__a00829b5d875,src/lottolab/strategies/adapters/biglotto_wave12.py,BigLottoSocialWisdomPredictorAdapter,migration_task:BIGLOTTO_WAVE12_R1_SOCIAL_NEGATIVE_QUICKML,legacy_commit:49a25effa62fc24f40789c16be6f11bdfb41a4a9;legacy_source:lottery_api/models/social_wisdom_predictor.py;legacy_source_sha256:a00829b5d875cb8202c3bbd90ad7202fa6b95f568e3e8d821a6cdbffe6a95e3b;legacy_symbol:generate_legacy_history_native_portfolio;full_strategy_catalog_id:legacy_biglotto__social_wisdom_predictor__a00829b5d875;migration_task:BIGLOTTO_WAVE12_R1_SOCIAL_NEGATIVE_QUICKML,PORTFOLIO,8,1,social_anti_popularity;frequency,social_behavior_prior;historical_number_occurrence,fixed_social_prior;weighted_score_blend;seeded_gaussian_perturbation,eight_ticket_weight_noise_sweep,biglotto_wave12_social_wisdom_helpers,YES,TECHNICALLY_AVAILABLE,NO,"Genuinely distinct social prior; related to, but not identical with, the selected deterministic Social Wisdom ID."
legacy_biglotto__negative_selection_biglotto__98f860c52cc2,src/lottolab/strategies/adapters/biglotto_wave12.py,BigLottoNegativeSelectionBiglottoAdapter,migration_task:BIGLOTTO_WAVE12_R1_SOCIAL_NEGATIVE_QUICKML,legacy_commit:49a25effa62fc24f40789c16be6f11bdfb41a4a9;legacy_source:lottery_api/models/negative_selection_biglotto.py;legacy_source_sha256:98f860c52cc2f01552690b7903679961a263909fae844896860442909dca1294;legacy_symbol:generate_legacy_history_native_wave3_portfolio;full_strategy_catalog_id:legacy_biglotto__negative_selection_biglotto__98f860c52cc2;migration_task:BIGLOTTO_WAVE12_R1_SOCIAL_NEGATIVE_QUICKML,PORTFOLIO,8,1,frequency;hot_cold;gap_recency;zone_range;cooccurrence;pair_triple_structure,historical_number_occurrence;historical_cross_number_relationships;historical_within_draw_structure,negative_exclusion;weighted_sampling;structural_filter,nominal_eight_ticket_diversity_portfolio;cooccurrence_cluster_tail,biglotto_wave12_negative_selection_helpers,YES,TECHNICALLY_AVAILABLE_WITH_NATIVE_CLOSURE_RISK,YES,"Despite its name, this is frequency/hot-cold exclusion, not Social Wisdom; native dedup can shorten output."
legacy_biglotto__quick_ml_predict__8b7ba0b52e2d,src/lottolab/strategies/adapters/biglotto_wave12.py,BigLottoQuickMlPredictAdapter,migration_task:BIGLOTTO_WAVE12_R1_SOCIAL_NEGATIVE_QUICKML,legacy_commit:49a25effa62fc24f40789c16be6f11bdfb41a4a9;legacy_source:tools/quick_ml_predict.py;legacy_source_sha256:8b7ba0b52e2dfcb7bd39997be9dbfab90a81f6e44c3fcf269ac5c9ddaa266d80;legacy_symbol:generate_legacy_history_native_portfolio;full_strategy_catalog_id:legacy_biglotto__quick_ml_predict__8b7ba0b52e2d;migration_task:BIGLOTTO_WAVE12_R1_SOCIAL_NEGATIVE_QUICKML,PORTFOLIO,2,1,frequency;gap_recency;hot_cold;zone_range;pair_triple_structure;symbolic_temporal,historical_number_occurrence;historical_within_draw_structure;historical_state_or_regime_sequence,handcrafted_score_ensemble;pattern_matching;hybrid_rank,two_ticket_advanced_plus_hybrid_portfolio,biglotto_wave12_quick_ml_helpers,YES,TECHNICALLY_UNAVAILABLE / DEAD_PRODUCTION_PATH,YES,Frozen pattern-slice IndexError triggers for every history length >=5; catalog min_history=1 does not make the realistic path executable.
legacy_biglotto__test_asm__d39a233a4c75,src/lottolab/strategies/adapters/biglotto_wave13.py,BigLottoTestAsmAdapter,migration_task:BIGLOTTO_WAVE13_R1_ASM_DCB_4BET_DCB,legacy_commit:49a25effa62fc24f40789c16be6f11bdfb41a4a9;legacy_source:tools/test_asm.py;legacy_source:lottery_api/models/biglotto_3bet_optimizer.py;legacy_source:lottery_api/models/unified_predictor.py;legacy_source:tools/negative_selector.py;legacy_source_sha256:d39a233a4c75158cdab704e26980b89cbb96daf128e50718309731111ac55ddf;legacy_symbol:ASMOptimizer.predict_3bets_asm;full_strategy_catalog_id:legacy_biglotto__test_asm__d39a233a4c75;migration_task:BIGLOTTO_WAVE13_R1_ASM_DCB_4BET_DCB,PORTFOLIO,3,1,frequency;deviation;markov_sequence;hot_cold;gap_recency;pair_triple_structure,historical_number_occurrence;historical_temporal_sequence;historical_within_draw_structure,statistical_transform;weighted_method_vote;negative_exclusion,three_fixed_index_maps_from_top18;portfolio_optimization,unified_prediction_engine_family;negative_selector_family,YES,TECHNICALLY_AVAILABLE_WITH_NATIVE_CLOSURE_RISK,YES,An alternate slicing wrapper around the base three-bet optimizer pool.
legacy_biglotto__test_dcb__c3299c25ca59,src/lottolab/strategies/adapters/biglotto_wave13.py,BigLottoTestDcbAdapter,migration_task:BIGLOTTO_WAVE13_R1_ASM_DCB_4BET_DCB,legacy_commit:49a25effa62fc24f40789c16be6f11bdfb41a4a9;legacy_source:tools/test_dcb.py;legacy_source:lottery_api/models/biglotto_3bet_optimizer.py;legacy_source:lottery_api/models/unified_predictor.py;legacy_source:tools/negative_selector.py;legacy_source_sha256:c3299c25ca5930f22bc9809c8e1eac1ba47094e0a18e6e549b5d24d10d591e38;legacy_symbol:DCBOptimizer.predict_3bets_dcb;full_strategy_catalog_id:legacy_biglotto__test_dcb__c3299c25ca59;migration_task:BIGLOTTO_WAVE13_R1_ASM_DCB_4BET_DCB,PORTFOLIO,3,1,frequency;deviation;markov_sequence;hot_cold;gap_recency;cooccurrence;pair_triple_structure,historical_number_occurrence;historical_temporal_sequence;historical_cross_number_relationships;historical_within_draw_structure,statistical_transform;weighted_method_vote;negative_exclusion;correlation_boost,three_or_four_overlapping_slices_from_same_boosted_top18;portfolio_optimization,unified_prediction_engine_family;negative_selector_family;biglotto_wave13_dcb_helpers,YES,TECHNICALLY_AVAILABLE_WITH_NATIVE_CLOSURE_RISK,YES,DCB and 4-Bet DCB share one boosted candidate pool; only slice coverage differs.
legacy_biglotto__test_4bet_dcb__3c7e3e661ad8,src/lottolab/strategies/adapters/biglotto_wave13.py,BigLottoTestFourBetDcbAdapter,migration_task:BIGLOTTO_WAVE13_R1_ASM_DCB_4BET_DCB,legacy_commit:49a25effa62fc24f40789c16be6f11bdfb41a4a9;legacy_source:tools/test_4bet_dcb.py;legacy_source:tools/test_dcb.py;legacy_source:lottery_api/models/biglotto_3bet_optimizer.py;legacy_source:lottery_api/models/unified_predictor.py;legacy_source:tools/negative_selector.py;legacy_source_sha256:3c7e3e661ad86ccdfac2ec7abd09c0c08101fdf1d639b17acd9427215cfe25a0;legacy_symbol:DCB4BetOptimizer.predict_4bets_dcb;full_strategy_catalog_id:legacy_biglotto__test_4bet_dcb__3c7e3e661ad8;migration_task:BIGLOTTO_WAVE13_R1_ASM_DCB_4BET_DCB,PORTFOLIO,4,1,frequency;deviation;markov_sequence;hot_cold;gap_recency;cooccurrence;pair_triple_structure,historical_number_occurrence;historical_temporal_sequence;historical_cross_number_relationships;historical_within_draw_structure,statistical_transform;weighted_method_vote;negative_exclusion;correlation_boost,three_or_four_overlapping_slices_from_same_boosted_top18;portfolio_optimization,unified_prediction_engine_family;negative_selector_family;biglotto_wave13_dcb_helpers,YES,TECHNICALLY_AVAILABLE_WITH_NATIVE_CLOSURE_RISK,YES,DCB and 4-Bet DCB share one boosted candidate pool; only slice coverage differs.
legacy_biglotto__test_ecp__c9d5ac6decdd,src/lottolab/strategies/adapters/biglotto_wave14.py,BigLottoTestEcpAdapter,migration_task:BIGLOTTO_WAVE14_R1_ECP_PCE_HPSB,legacy_commit:49a25effa62fc24f40789c16be6f11bdfb41a4a9;legacy_source:tools/test_ecp.py;legacy_source:lottery_api/models/biglotto_3bet_optimizer.py;legacy_source:lottery_api/models/unified_predictor.py;legacy_source:tools/negative_selector.py;legacy_source_sha256:c9d5ac6decddac7940a6ad90739069afd4b13d181dddd4336586e3f718d8e6a2;legacy_symbol:ECPOptimizer.predict_3bets_ecp;full_strategy_catalog_id:legacy_biglotto__test_ecp__c9d5ac6decdd;migration_task:BIGLOTTO_WAVE14_R1_ECP_PCE_HPSB,PORTFOLIO,3,1,frequency;deviation;markov_sequence;hot_cold;gap_recency;pair_triple_structure,historical_number_occurrence;historical_temporal_sequence;historical_within_draw_structure,statistical_transform;fifty_weight_consensus;negative_exclusion,three_overlapping_top18_slices,unified_prediction_engine_family;negative_selector_family,YES,TECHNICALLY_AVAILABLE,YES,Fifty repeated deterministic statistical calls collapse to one heavily weighted transform.
legacy_biglotto__test_pce__9c0cf22b4217,src/lottolab/strategies/adapters/biglotto_wave14.py,BigLottoTestPceAdapter,migration_task:BIGLOTTO_WAVE14_R1_ECP_PCE_HPSB,legacy_commit:49a25effa62fc24f40789c16be6f11bdfb41a4a9;legacy_source:tools/test_pce.py;legacy_source:lottery_api/models/biglotto_3bet_optimizer.py;legacy_source:lottery_api/models/unified_predictor.py;legacy_source:tools/negative_selector.py;legacy_source_sha256:9c0cf22b42179ffc496f7fb93cbc3cfc902a7ff60a43095e3fe1f44168b6d28c;legacy_symbol:PCEOptimizer.predict_3bets_pce;full_strategy_catalog_id:legacy_biglotto__test_pce__9c0cf22b4217;migration_task:BIGLOTTO_WAVE14_R1_ECP_PCE_HPSB,PORTFOLIO,3,1,frequency;deviation;markov_sequence;trend;zone_range;hot_cold;gap_recency;pair_triple_structure,historical_number_occurrence;historical_temporal_sequence;historical_within_draw_structure,statistical_transform;bayesian_transform;pairwise_consensus;negative_exclusion,up_to_three_greedy_pair_vote_tickets,unified_prediction_engine_family;negative_selector_family,YES,TECHNICALLY_AVAILABLE_WITH_NATIVE_CLOSURE_RISK,YES,Consensus construction spans seven shared-engine methods; fewer than three legal bets closes the adapter.
legacy_biglotto__hpsb_optimizer__cf5cd7d971e8,src/lottolab/strategies/adapters/biglotto_wave14.py,BigLottoHpsbOptimizerAdapter,migration_task:BIGLOTTO_WAVE14_R1_ECP_PCE_HPSB,legacy_commit:49a25effa62fc24f40789c16be6f11bdfb41a4a9;legacy_source:lottery_api/models/hpsb_optimizer.py;legacy_source:lottery_api/models/unified_predictor.py;legacy_source_sha256:cf5cd7d971e8bf2f1854d2196824278de957b3eae3697dff197ab9a3c8b78bcc;legacy_symbol:HPSBOptimizer.predict_hpsb_v2;full_strategy_catalog_id:legacy_biglotto__hpsb_optimizer__cf5cd7d971e8;migration_task:BIGLOTTO_WAVE14_R1_ECP_PCE_HPSB,SINGLE_TICKET,1,1,frequency;deviation;markov_sequence;trend;hot_cold;pair_triple_structure;historical_feedback;zone_range,historical_number_occurrence;historical_temporal_sequence;historical_within_draw_structure;historical_method_hit_feedback,statistical_transform;rolling_method_audit;zonal_density_protection,audit_selected_single_ticket,unified_prediction_engine_family,YES,TECHNICALLY_AVAILABLE,YES,"DMS selects one shared-engine method from trailing hit feedback, then applies ZDP."
legacy_biglotto__cold_hunter_predict__9e89f2b41add,src/lottolab/strategies/adapters/biglotto_batch15.py,BigLottoColdHunterPredictAdapter,migration_task:BIGLOTTO_BATCH15_HIGH_THROUGHPUT_MIGRATION_R1,legacy_commit:49a25effa62fc24f40789c16be6f11bdfb41a4a9;legacy_source:lottery_api/models/cold_hunter_predictor.py;legacy_source_sha256:9e89f2b41add14d2577c8fd39db3716dbea46f6dccdb7581752afc768e243422;legacy_symbol:ColdHunterPredictor.cold_hunter_predict;full_strategy_catalog_id:legacy_biglotto__cold_hunter_predict__9e89f2b41add;migration_task:BIGLOTTO_BATCH15_HIGH_THROUGHPUT_MIGRATION_R1,SINGLE_TICKET,1,1,gap_recency;hot_cold,historical_number_occurrence_timing,gap_bucket_rank,three_hot_one_warm_two_cold_single_ticket,biglotto_batch15_cold_hunter_family,NO,TECHNICALLY_AVAILABLE,YES,One of six catalog IDs sharing the same cold_hunter_predictor source hash.
legacy_biglotto__short_window_deviation_predict__9e89f2b41add,src/lottolab/strategies/adapters/biglotto_batch15.py,BigLottoShortWindowDeviationPredictAdapter,migration_task:BIGLOTTO_BATCH15_HIGH_THROUGHPUT_MIGRATION_R1,legacy_commit:49a25effa62fc24f40789c16be6f11bdfb41a4a9;legacy_source:lottery_api/models/cold_hunter_predictor.py;legacy_source_sha256:9e89f2b41add14d2577c8fd39db3716dbea46f6dccdb7581752afc768e243422;legacy_symbol:ColdHunterPredictor.short_window_deviation_predict;full_strategy_catalog_id:legacy_biglotto__short_window_deviation_predict__9e89f2b41add;migration_task:BIGLOTTO_BATCH15_HIGH_THROUGHPUT_MIGRATION_R1,SINGLE_TICKET,1,1,frequency;deviation;gap_recency,historical_number_occurrence,seventy_five_twenty_five_deviation_gap_blend,ranked_single_ticket,biglotto_batch15_cold_hunter_family,NO,TECHNICALLY_AVAILABLE,YES,Short-window variation of the shared cold-hunter donor family.
legacy_biglotto__rebound_aware_predict__9e89f2b41add,src/lottolab/strategies/adapters/biglotto_batch15.py,BigLottoReboundAwarePredictAdapter,migration_task:BIGLOTTO_BATCH15_HIGH_THROUGHPUT_MIGRATION_R1,legacy_commit:49a25effa62fc24f40789c16be6f11bdfb41a4a9;legacy_source:lottery_api/models/cold_hunter_predictor.py;legacy_source_sha256:9e89f2b41add14d2577c8fd39db3716dbea46f6dccdb7581752afc768e243422;legacy_symbol:ColdHunterPredictor.rebound_aware_predict;full_strategy_catalog_id:legacy_biglotto__rebound_aware_predict__9e89f2b41add;migration_task:BIGLOTTO_BATCH15_HIGH_THROUGHPUT_MIGRATION_R1,SINGLE_TICKET,1,1,gap_recency;hot_cold;zone_range;symbolic_temporal,historical_number_occurrence_timing;historical_state_or_regime_sequence,large_small_rebound_regime;gap_bucket_rank,regime_dependent_four_two_or_three_three_split,biglotto_batch15_cold_hunter_family,YES,TECHNICALLY_AVAILABLE,YES,Uses a short streak state plus the same hot/warm/cold gap buckets.
legacy_biglotto__zone_momentum_predict__9e89f2b41add,src/lottolab/strategies/adapters/biglotto_batch15.py,BigLottoZoneMomentumPredictAdapter,migration_task:BIGLOTTO_BATCH15_HIGH_THROUGHPUT_MIGRATION_R1,legacy_commit:49a25effa62fc24f40789c16be6f11bdfb41a4a9;legacy_source:lottery_api/models/cold_hunter_predictor.py;legacy_source_sha256:9e89f2b41add14d2577c8fd39db3716dbea46f6dccdb7581752afc768e243422;legacy_symbol:ColdHunterPredictor.zone_momentum_predict;full_strategy_catalog_id:legacy_biglotto__zone_momentum_predict__9e89f2b41add;migration_task:BIGLOTTO_BATCH15_HIGH_THROUGHPUT_MIGRATION_R1,SINGLE_TICKET,1,1,frequency;gap_recency;trend;zone_range,historical_number_occurrence;historical_within_draw_structure,short_vs_long_zone_momentum,momentum_tilted_zone_quota_single_ticket,biglotto_batch15_cold_hunter_family,YES,TECHNICALLY_AVAILABLE_WITH_NATIVE_CLOSURE_RISK,YES,Can close if the donor's zone quotas do not emit six numbers.
legacy_biglotto__pure_cold_predict__9e89f2b41add,src/lottolab/strategies/adapters/biglotto_batch15.py,BigLottoPureColdPredictAdapter,migration_task:BIGLOTTO_BATCH15_HIGH_THROUGHPUT_MIGRATION_R1,legacy_commit:49a25effa62fc24f40789c16be6f11bdfb41a4a9;legacy_source:lottery_api/models/cold_hunter_predictor.py;legacy_source_sha256:9e89f2b41add14d2577c8fd39db3716dbea46f6dccdb7581752afc768e243422;legacy_symbol:ColdHunterPredictor.pure_cold_predict;full_strategy_catalog_id:legacy_biglotto__pure_cold_predict__9e89f2b41add;migration_task:BIGLOTTO_BATCH15_HIGH_THROUGHPUT_MIGRATION_R1,SINGLE_TICKET,1,1,gap_recency;hot_cold,historical_number_occurrence_timing,descending_current_gap_rank,ranked_single_ticket,biglotto_batch15_cold_hunter_family,NO,TECHNICALLY_AVAILABLE,YES,Pure gap rank; naming does not create an independent source.
legacy_biglotto__moderate_rank_predict__9e89f2b41add,src/lottolab/strategies/adapters/biglotto_batch15.py,BigLottoModerateRankPredictAdapter,migration_task:BIGLOTTO_BATCH15_HIGH_THROUGHPUT_MIGRATION_R1,legacy_commit:49a25effa62fc24f40789c16be6f11bdfb41a4a9;legacy_source:lottery_api/models/cold_hunter_predictor.py;legacy_source_sha256:9e89f2b41add14d2577c8fd39db3716dbea46f6dccdb7581752afc768e243422;legacy_symbol:ColdHunterPredictor.moderate_rank_predict;full_strategy_catalog_id:legacy_biglotto__moderate_rank_predict__9e89f2b41add;migration_task:BIGLOTTO_BATCH15_HIGH_THROUGHPUT_MIGRATION_R1,SINGLE_TICKET,1,1,gap_recency;hot_cold,historical_number_occurrence_timing,moderate_gap_rank;previous_draw_exclusion,ranked_single_ticket,biglotto_batch15_cold_hunter_family,NO,TECHNICALLY_AVAILABLE,YES,Skips both the previous draw and the five hottest candidates.
legacy_biglotto__gap_pressure_scorer__5e862ef27ee6,src/lottolab/strategies/adapters/biglotto_batch15.py,BigLottoGapPressureScorerAdapter,migration_task:BIGLOTTO_BATCH15_HIGH_THROUGHPUT_MIGRATION_R1,legacy_commit:49a25effa62fc24f40789c16be6f11bdfb41a4a9;legacy_source:lottery_api/models/gap_pressure.py;legacy_source_sha256:5e862ef27ee6e467debf689c889f1c6774bf03029eca61d370ef300e60165689;legacy_symbol:GapPressureScorer.predict;full_strategy_catalog_id:legacy_biglotto__gap_pressure_scorer__5e862ef27ee6;migration_task:BIGLOTTO_BATCH15_HIGH_THROUGHPUT_MIGRATION_R1,SINGLE_TICKET,1,1,gap_recency,historical_number_occurrence_timing,sigmoid_current_gap_over_historical_interval,ranked_single_ticket,biglotto_batch15_gap_pressure_family,NO,TECHNICALLY_AVAILABLE,YES,"A distinct gap normalization, but not a new raw data source."
legacy_biglotto__test_dm_dms_biglotto__bad71858012d,src/lottolab/strategies/adapters/biglotto_batch15.py,BigLottoTestDmDmsBiglottoAdapter,migration_task:BIGLOTTO_BATCH15_HIGH_THROUGHPUT_MIGRATION_R1,legacy_commit:49a25effa62fc24f40789c16be6f11bdfb41a4a9;legacy_source:tools/test_dm_dms_biglotto.py;legacy_source:lottery_api/models/unified_predictor.py;legacy_source_sha256:bad71858012da7b8f4cd0575d5fb018a121471cd251a627e2c6f1e3fdded21fa;legacy_symbol:run_dm_dms_benchmark;full_strategy_catalog_id:legacy_biglotto__test_dm_dms_biglotto__bad71858012d;migration_task:BIGLOTTO_BATCH15_HIGH_THROUGHPUT_MIGRATION_R1,PORTFOLIO,2,1,frequency;deviation;markov_sequence;trend;hot_cold;pair_triple_structure;historical_feedback,historical_number_occurrence;historical_temporal_sequence;historical_within_draw_structure;historical_method_hit_feedback,statistical_transform;rolling_hit_audit,top_two_audited_method_tickets,unified_prediction_engine_family;biglotto_batch15_dms_helpers,YES,TECHNICALLY_AVAILABLE,YES,Top two methods by trailing audit; candidate signals remain shared-engine transforms.
legacy_biglotto__test_dms_biglotto__10e39919c3a1,src/lottolab/strategies/adapters/biglotto_batch15.py,BigLottoTestDmsBiglottoAdapter,migration_task:BIGLOTTO_BATCH15_HIGH_THROUGHPUT_MIGRATION_R1,legacy_commit:49a25effa62fc24f40789c16be6f11bdfb41a4a9;legacy_source:tools/test_dms_biglotto.py;legacy_source:lottery_api/models/unified_predictor.py;legacy_source_sha256:10e39919c3a1edc3ec5da003e9ff68d65507545b35909d95ba272ed9ea2e593e;legacy_symbol:run_dms_benchmark;full_strategy_catalog_id:legacy_biglotto__test_dms_biglotto__10e39919c3a1;migration_task:BIGLOTTO_BATCH15_HIGH_THROUGHPUT_MIGRATION_R1,SINGLE_TICKET,1,1,frequency;deviation;markov_sequence;trend;hot_cold;pair_triple_structure;historical_feedback,historical_number_occurrence;historical_temporal_sequence;historical_within_draw_structure;historical_method_hit_feedback,statistical_transform;rolling_hit_audit,single_audit_selected_method_ticket,unified_prediction_engine_family;biglotto_batch15_dms_helpers,YES,TECHNICALLY_AVAILABLE,YES,Single-ticket sibling of DM-DMS with a different audit gate/window.
b649_new_horizon_minimax_disagreement_r1,src/lottolab/strategies/adapters/biglotto_horizon_minimax.py,BigLottoHorizonMinimaxDisagreementAdapter,research_task:B649_NEXT_GENERATION_STRATEGY_RESEARCH_R1;migration_task:BRANCH_B_B649_HORIZON_MINIMAX_TARGET_NATIVE_MIGRATION_R1,research_task:B649_NEXT_GENERATION_STRATEGY_RESEARCH_R1;research_task_tree:eb5a18eab2807a89a2f3abd5411c3a28509a982d3060702e5f8cc85b0724ed5a;research_source_sha256:616ca197a53bbabb9e43e42f004b64caab5be58cc51769d091a17a14dfc733ec;research_result_sha256:4aa1749814dcecf4a51dd9b0f3acd0864af4a7ca20162c0524e3b42948d8fd9a;research_shortlist_sha256:fdb9f9b7a4ca13822ede799566537a97517c58e9e8ceb99cc6fb1f1042a35bec;evidence_status:HISTORICAL_RESEARCH_ONLY;current_significance:NOT_ESTABLISHED;predictive_advantage_claimed:NO;migration_task:BRANCH_B_B649_HORIZON_MINIMAX_TARGET_NATIVE_MIGRATION_R1,PORTFOLIO,2,200,frequency;deviation;trend;symbolic_temporal,historical_number_occurrence;historical_state_or_regime_sequence,multi_horizon_zscore;ordinal_minimax;horizon_disagreement,consensus_plus_disagreement_two_ticket_barbell;diversification,sealed_b649_horizon_minimax_research_producer,YES,TECHNICALLY_AVAILABLE,YES,Newest production strategy; historical research only and no predictive advantage claimed.
